deposit_manifest_name,copies_found,bytes,identity_basis,paths
240305_N2_day5Adult_phalloidin_1.lif,1,9935359270,filename (deposit manifest) -> filename on disk,\\SLB122E-01\Vidal-Gadea_lab\Adina\240305_N2_day5Adult_phalloidin_1.lif
240305_N2_day5Adult_phalloidin_2.lif,1,11297314936,filename (deposit manifest) -> filename on disk,\\SLB122E-01\Vidal-Gadea_lab\Adina\240305_N2_day5Adult_phalloidin_2.lif
240305_N2_day5Adult_phalloidin_3.lif,1,7514136735,filename (deposit manifest) -> filename on disk,\\SLB122E-01\Vidal-Gadea_lab\Adina\240305_N2_day5Adult_phalloidin_3.lif
240306_N2_day5Adult_phalloidin.lif,1,11176293402,filename (deposit manifest) -> filename on disk,\\SLB122E-01\Vidal-Gadea_lab\Adina\240306_N2_day5Adult_phalloidin.lif
240222_N2_swim_F2_phalloidin_WGA_1.lif,2,12270350547,filename (deposit manifest) -> filename on disk,L:\02_Duchenne Muscular Dystrophy\Sabrina\240222_Swim F2\240222_N2_swim_F2_phalloidin_WGA_1.lif | \\SLB122E-01\Vidal-Gadea_lab\Adina\240222_N2_swim_F2_phalloidin_WGA_1.lif
240222_N2_swim_F2_phalloidin_WGA_2.lif,2,12926249641,filename (deposit manifest) -> filename on disk,L:\02_Duchenne Muscular Dystrophy\Sabrina\240222_Swim F2\240222_N2_swim_F2_phalloidin_WGA_2.lif | \\SLB122E-01\Vidal-Gadea_lab\Adina\240222_N2_swim_F2_phalloidin_WGA_2.lif
240222_N2_swim_F2_phalloidin_WGA_3.lif,2,8722516651,filename (deposit manifest) -> filename on disk,L:\02_Duchenne Muscular Dystrophy\Sabrina\240222_Swim F2\240222_N2_swim_F2_phalloidin_WGA_3.lif | \\SLB122E-01\Vidal-Gadea_lab\Adina\240222_N2_swim_F2_phalloidin_WGA_3.lif
240220_N2_swim_F2_phalloidin_WGA.lif,2,12125793773,filename (deposit manifest) -> filename on disk,L:\02_Duchenne Muscular Dystrophy\Sabrina\240220_Swim F2\240220_N2_swim_F2_phalloidin_WGA.lif | \\SLB122E-01\Vidal-Gadea_lab\Adina\240220_N2_swim_F2_phalloidin_WGA.lif
240220_N2_swim_F2_phalloidin_WGA_2.lif,2,4699705667,filename (deposit manifest) -> filename on disk,L:\02_Duchenne Muscular Dystrophy\Sabrina\240220_Swim F2\240220_N2_swim_F2_phalloidin_WGA_2.lif | \\SLB122E-01\Vidal-Gadea_lab\Adina\240220_N2_swim_F2_phalloidin_WGA_2.lif
240204_N2_crawl_phalloidin and WGA.lif,1,856894361,filename (deposit manifest) -> filename on disk,\\SLB122E-01\Vidal-Gadea_lab\Adina\240204_N2_crawl_phalloidin and WGA.lif
240204_N2_crawl_phalloidin and WGA_Final.lif,2,17038558633,filename (deposit manifest) -> filename on disk,L:\02_Duchenne Muscular Dystrophy\Sabrina\Here are new images from 240204\240204_N2_crawl_phalloidin and WGA_Final.lif | \\SLB122E-01\Vidal-Gadea_lab\Adina\240204_N2_crawl_phalloidin and WGA_Final.lif
240204_N2_beautiful phalloidin muscle images.lif,1,1732327417,filename (deposit manifest) -> filename on disk,\\SLB122E-01\Vidal-Gadea_lab\Adina\240204_N2_beautiful phalloidin muscle images.lif
231115_Swim_F2_63x.lif,2,13641661037,filename (deposit manifest) -> filename on disk,L:\02_Duchenne Muscular Dystrophy\Sabrina\C. elegans Muscles\231115_Swim_F2_63x.lif | \\SLB122E-01\Vidal-Gadea_lab\Adina\231115_Swim_F2_63x.lif
231116_Crawl_F2.lif,2,5033388305,filename (deposit manifest) -> filename on disk,L:\02_Duchenne Muscular Dystrophy\Sabrina\C. elegans Muscles\231116_Crawl_F2.lif | \\SLB122E-01\Vidal-Gadea_lab\Adina\231116_Crawl_F2.lif
231116_Swim_F2_63x.lif,2,7428495955,filename (deposit manifest) -> filename on disk,L:\02_Duchenne Muscular Dystrophy\Sabrina\C. elegans Muscles\231116_Swim_F2_63x.lif | \\SLB122E-01\Vidal-Gadea_lab\Adina\231116_Swim_F2_63x.lif
231005_N2_phalloidin_swim-F1_swim-F2_day1.lif,2,6428093169,filename (deposit manifest) -> filename on disk,L:\02_Duchenne Muscular Dystrophy\Sabrina\C. elegans Muscles\231005_N2_phalloidin_swim-F1_swim-F2_day1.lif | \\SLB122E-01\Vidal-Gadea_lab\Adina\231005_N2_phalloidin_swim-F1_swim-F2_day1.lif
231005_N2_phalloidin_swim-F1_swim-F2_day1_2.lif,2,8417938147,filename (deposit manifest) -> filename on disk,L:\02_Duchenne Muscular Dystrophy\Sabrina\C. elegans Muscles\231005_N2_phalloidin_swim-F1_swim-F2_day1_2.lif | \\SLB122E-01\Vidal-Gadea_lab\Adina\231005_N2_phalloidin_swim-F1_swim-F2_day1_2.lif
231002_N2_phalloidin_crawl-F1_crawl-F2_day1.lif,2,9615422549,filename (deposit manifest) -> filename on disk,L:\02_Duchenne Muscular Dystrophy\Sabrina\231002_N2_phalloidin_crawl-F1_crawl-F2_day1.lif | \\SLB122E-01\Vidal-Gadea_lab\Adina\231002_N2_phalloidin_crawl-F1_crawl-F2_day1.lif
231002_N2_phalloidin_crawl-F1_crawl-F2_day1_2.lif,2,4816248749,filename (deposit manifest) -> filename on disk,L:\02_Duchenne Muscular Dystrophy\Sabrina\231002_N2_phalloidin_crawl-F1_crawl-F2_day1_2.lif | \\SLB122E-01\Vidal-Gadea_lab\Adina\231002_N2_phalloidin_crawl-F1_crawl-F2_day1_2.lif
230714_N2_d1A_phal_WGA_head_mid 63x.lif,1,9835964709,filename (deposit manifest) -> filename on disk,\\SLB122E-01\Vidal-Gadea_lab\Adina\230714_N2_d1A_phal_WGA_head_mid 63x.lif
230714_N2_d1A_phal_WGA_mix 63x.lif,1,20470596805,filename (deposit manifest) -> filename on disk,\\SLB122E-01\Vidal-Gadea_lab\Adina\230714_N2_d1A_phal_WGA_mix 63x.lif
230714_N2_d1A_phall_WGA_tail_63.lif,1,8607350731,filename (deposit manifest) -> filename on disk,\\SLB122E-01\Vidal-Gadea_lab\Adina\230714_N2_d1A_phall_WGA_tail_63.lif
230714_N2_d1A_Phalloidin_mid_vulva.lif,1,4918194555,filename (deposit manifest) -> filename on disk,\\SLB122E-01\Vidal-Gadea_lab\Adina\230714_N2_d1A_Phalloidin_mid_vulva.lif
240607_N2_crawl_day1A_mid and tail.lif,1,11925578967,filename (deposit manifest) -> filename on disk,\\SLB122E-01\Vidal-Gadea_lab\Adina\240607_N2_crawl_day1A_mid and tail.lif
240607_N2_crawl_day1A_tail_phall.lif,1,12850180349,filename (deposit manifest) -> filename on disk,\\SLB122E-01\Vidal-Gadea_lab\Adina\240607_N2_crawl_day1A_tail_phall.lif
240607_N2_crawl_day1A_tail_phalloidin.lif,1,10362777167,filename (deposit manifest) -> filename on disk,\\SLB122E-01\Vidal-Gadea_lab\Adina\240607_N2_crawl_day1A_tail_phalloidin.lif
240618_N2_day5A_crawl_phall.lif,1,5594389157,filename (deposit manifest) -> filename on disk,\\SLB122E-01\Vidal-Gadea_lab\Adina\240618_N2_day5A_crawl_phall.lif
240618_BZ33_day5A_crawl_phall_1.lif,1,12937637141,filename (deposit manifest) -> filename on disk,\\SLB122E-01\Vidal-Gadea_lab\Adina\240618_BZ33_day5A_crawl_phall_1.lif
240618_BZ33_day5A_crawl_phall_2.lif,1,13645057769,filename (deposit manifest) -> filename on disk,\\SLB122E-01\Vidal-Gadea_lab\Adina\240618_BZ33_day5A_crawl_phall_2.lif
240618_BZ33_day5A_crawl_phall_3.lif,1,13226673337,filename (deposit manifest) -> filename on disk,\\SLB122E-01\Vidal-Gadea_lab\Adina\240618_BZ33_day5A_crawl_phall_3.lif
240618_BZ33_day5A_crawl_phall_4.lif,1,14008102319,filename (deposit manifest) -> filename on disk,\\SLB122E-01\Vidal-Gadea_lab\Adina\240618_BZ33_day5A_crawl_phall_4.lif
240618_BZ33_day5A_crawl_phall_5.lif,1,8022612535,filename (deposit manifest) -> filename on disk,\\SLB122E-01\Vidal-Gadea_lab\Adina\240618_BZ33_day5A_crawl_phall_5.lif
240619_BZ33_day5A_crawl_phall_6.lif,1,16677370709,filename (deposit manifest) -> filename on disk,\\SLB122E-01\Vidal-Gadea_lab\Adina\240619_BZ33_day5A_crawl_phall_6.lif
240619_BZ33_day5A_crawl_phall_7.lif,1,11704779497,filename (deposit manifest) -> filename on disk,\\SLB122E-01\Vidal-Gadea_lab\Adina\240619_BZ33_day5A_crawl_phall_7.lif
240619_BZ33_day5A_crawl_phall_8.lif,1,12452298839,filename (deposit manifest) -> filename on disk,\\SLB122E-01\Vidal-Gadea_lab\Adina\240619_BZ33_day5A_crawl_phall_8.lif
240619_BZ33_day5A_crawl_phall_9.lif,1,7653881725,filename (deposit manifest) -> filename on disk,\\SLB122E-01\Vidal-Gadea_lab\Adina\240619_BZ33_day5A_crawl_phall_9.lif
240706_N2_day1A_2nd gen_swim_phall_1.lif,1,8126401323,filename (deposit manifest) -> filename on disk,\\SLB122E-01\Vidal-Gadea_lab\Adina\240706_N2_day1A_2nd gen_swim_phall_1.lif
240706_N2_day1A_2nd gen_swim_phall_2.lif,1,5786501107,filename (deposit manifest) -> filename on disk,\\SLB122E-01\Vidal-Gadea_lab\Adina\240706_N2_day1A_2nd gen_swim_phall_2.lif
