path,ext,size_bytes,mtime
\\SLB122E-01\Vidal-Gadea_lab\190711cray.lif,.lif,1023146613,2019-07-11
\\SLB122E-01\Vidal-Gadea_lab\210607 trp1.lif,.lif,713500741,2021-06-07
\\SLB122E-01\Vidal-Gadea_lab\'Tope\210721.lif,.lif,1081378453,2021-07-21
\\SLB122E-01\Vidal-Gadea_lab\'Tope\62521 F49.lif,.lif,159694031,2021-06-25
\\SLB122E-01\Vidal-Gadea_lab\'Tope\Trp-1-GFP worm 1.lif,.lif,908619439,2021-08-02
\\SLB122E-01\Vidal-Gadea_lab\'Tope\2-10-25 AVG83\AVG83 mCerulean GFP mCherry.lif,.lif,173977113,2025-02-10
\\SLB122E-01\Vidal-Gadea_lab\'Tope\7-30-21\Sdhb-1.lif,.lif,351648681,2021-07-30
\\SLB122E-01\Vidal-Gadea_lab\'Tope\8-11-21\sdhb1..gfp.lif,.lif,1130635297,2021-08-11
\\SLB122E-01\Vidal-Gadea_lab\'Tope\8-11-21\Trp1..gfp.lif,.lif,773336295,2021-08-11
\\SLB122E-01\Vidal-Gadea_lab\'Tope\Freez-crack trial 12-6\Freez-crack.lif,.lif,7782827,2021-12-06
\\SLB122E-01\Vidal-Gadea_lab\Aalimah\240921_ATU2301_GFP_10x_Aalimah.lif,.lif,1533673585,2024-11-22
\\SLB122E-01\Vidal-Gadea_lab\Aalimah\Aalmah  Earth gen 2.lif,.lif,2015,2024-10-03
\\SLB122E-01\Vidal-Gadea_lab\Aalimah\Practice.lif,.lif,350236163,2024-12-02
\\SLB122E-01\Vidal-Gadea_lab\Aalimah\Project.lif,.lif,1967,2024-10-03
\\SLB122E-01\Vidal-Gadea_lab\Adina\230217_AH-E_swim.lif,.lif,16534218533,2023-02-17
\\SLB122E-01\Vidal-Gadea_lab\Adina\230218_AH-E.lif,.lif,2214886573,2023-02-18
\\SLB122E-01\Vidal-Gadea_lab\Adina\230218_AH-E_swim.lif,.lif,5569366839,2023-02-18
\\SLB122E-01\Vidal-Gadea_lab\Adina\230221_AVG60.lif,.lif,2519355305,2023-02-21
\\SLB122E-01\Vidal-Gadea_lab\Adina\230221_AVG60_swim.lif,.lif,5542229835,2023-02-21
\\SLB122E-01\Vidal-Gadea_lab\Adina\230224_AVG60_swim.lif,.lif,3758092753,2023-02-24
\\SLB122E-01\Vidal-Gadea_lab\Adina\230225_AVG60_swim.lif,.lif,2062256907,2023-02-25
\\SLB122E-01\Vidal-Gadea_lab\Adina\230227_AVG60.lif,.lif,3179339231,2023-02-27
\\SLB122E-01\Vidal-Gadea_lab\Adina\230227_AVG60_swim.lif,.lif,804731431,2023-02-27
\\SLB122E-01\Vidal-Gadea_lab\Adina\230302_AVG60.lif,.lif,2644885497,2023-03-02
\\SLB122E-01\Vidal-Gadea_lab\Adina\230302_AVG60_swim_day2_neurons.lif,.lif,464210779,2023-03-02
\\SLB122E-01\Vidal-Gadea_lab\Adina\230303_AVG60_swim.lif,.lif,1145178421,2023-03-03
\\SLB122E-01\Vidal-Gadea_lab\Adina\230407_AVG60_larva burrow.lif,.lif,1421079895,2023-04-07
\\SLB122E-01\Vidal-Gadea_lab\Adina\230415_AVG60_larva burrow.lif,.lif,4474512137,2023-04-15
\\SLB122E-01\Vidal-Gadea_lab\Adina\230428_AVG60_burrow.lif,.lif,12344970381,2023-04-28
\\SLB122E-01\Vidal-Gadea_lab\Adina\230504_AVG60_burrow6days_proper.lif,.lif,2504992941,2023-05-04
\\SLB122E-01\Vidal-Gadea_lab\Adina\230505_AVG44_swim_SK.lif,.lif,2222198273,2023-05-05
\\SLB122E-01\Vidal-Gadea_lab\Adina\230507_N2_autofluor.lif,.lif,431422945,2023-05-07
\\SLB122E-01\Vidal-Gadea_lab\Adina\230523_AVG60_swim.lif,.lif,6058579387,2023-05-23
\\SLB122E-01\Vidal-Gadea_lab\Adina\230526_AVG60_tail_crawl.lif,.lif,513224747,2023-05-26
\\SLB122E-01\Vidal-Gadea_lab\Adina\230529_AVG60_tail_crawl.lif,.lif,1204821569,2023-05-29
\\SLB122E-01\Vidal-Gadea_lab\Adina\230704_AVG60_swim_crawl_day5.lif,.lif,3818796029,2023-07-04
\\SLB122E-01\Vidal-Gadea_lab\Adina\230704_AVG60_swim_swim_day5.lif,.lif,2956590601,2023-07-04
\\SLB122E-01\Vidal-Gadea_lab\Adina\230714_N2_d1Adult_phalloidin 20x.lif,.lif,26952026409,2023-07-14
\\SLB122E-01\Vidal-Gadea_lab\Adina\230714_N2_d1A_Phalloidin_mid_vulva.lif,.lif,4918194555,2023-07-14
\\SLB122E-01\Vidal-Gadea_lab\Adina\230714_N2_d1A_phall_WGA_tail_63.lif,.lif,8607350731,2023-07-14
\\SLB122E-01\Vidal-Gadea_lab\Adina\230714_N2_d1A_phal_WGA_head_mid 63x.lif,.lif,9835964709,2023-07-14
\\SLB122E-01\Vidal-Gadea_lab\Adina\230714_N2_d1A_phal_WGA_mix 63x.lif,.lif,20470596805,2023-07-14
\\SLB122E-01\Vidal-Gadea_lab\Adina\230904_N2_crawl.lif,.lif,67414495,2023-09-04
\\SLB122E-01\Vidal-Gadea_lab\Adina\230904_N2_swim.lif,.lif,75841087,2023-09-04
\\SLB122E-01\Vidal-Gadea_lab\Adina\230917_N2_swim-F1_crawl-F2_day1A.lif,.lif,122717091,2023-09-18
\\SLB122E-01\Vidal-Gadea_lab\Adina\230918_N2_crawl-F1_crawl-F2_day1.lif,.lif,131180761,2023-09-18
\\SLB122E-01\Vidal-Gadea_lab\Adina\231002_N2_phalloidin_crawl-F1_crawl-F2_day1.lif,.lif,9615422549,2023-10-02
\\SLB122E-01\Vidal-Gadea_lab\Adina\231002_N2_phalloidin_crawl-F1_crawl-F2_day1_2.lif,.lif,4816248749,2023-10-02
\\SLB122E-01\Vidal-Gadea_lab\Adina\231005_N2_ctrl_without stain_actin_mScarlet.lif,.lif,7207421639,2023-10-05
\\SLB122E-01\Vidal-Gadea_lab\Adina\231005_N2_phalloidin_swim-F1_swim-F2_day1.lif,.lif,6428093169,2023-10-05
\\SLB122E-01\Vidal-Gadea_lab\Adina\231005_N2_phalloidin_swim-F1_swim-F2_day1_2.lif,.lif,8417938147,2023-10-20
\\SLB122E-01\Vidal-Gadea_lab\Adina\231005_N2_swim-F1_swim-F2_day1A.lif,.lif,139645329,2023-10-05
\\SLB122E-01\Vidal-Gadea_lab\Adina\231115_Swim_F2_63x.lif,.lif,13641661037,2023-11-16
\\SLB122E-01\Vidal-Gadea_lab\Adina\231115_Swim_F2_WGA_phalloidin.lif,.lif,6543206869,2023-11-15
\\SLB122E-01\Vidal-Gadea_lab\Adina\231116_Crawl_F2.lif,.lif,5038602939,2024-07-01
\\SLB122E-01\Vidal-Gadea_lab\Adina\231116_Swim_F2_63x.lif,.lif,7428495955,2023-11-16
\\SLB122E-01\Vidal-Gadea_lab\Adina\231205_BSC220.lif,.lif,772163953,2023-12-05
\\SLB122E-01\Vidal-Gadea_lab\Adina\240126_AVG60_F2crawl.lif,.lif,3341743433,2024-01-26
\\SLB122E-01\Vidal-Gadea_lab\Adina\240204_N2_beautiful phalloidin muscle images.lif,.lif,1732327417,2024-02-04
\\SLB122E-01\Vidal-Gadea_lab\Adina\240204_N2_crawl_phalloidin and WGA.lif,.lif,856894361,2024-02-04
\\SLB122E-01\Vidal-Gadea_lab\Adina\240204_N2_crawl_phalloidin and WGA_Final.lif,.lif,17038558633,2024-02-04
\\SLB122E-01\Vidal-Gadea_lab\Adina\240220_N2_swim_F2_phalloidin_WGA.lif,.lif,12125793773,2024-02-20
\\SLB122E-01\Vidal-Gadea_lab\Adina\240220_N2_swim_F2_phalloidin_WGA_2.lif,.lif,4699705667,2024-02-20
\\SLB122E-01\Vidal-Gadea_lab\Adina\240221_AVG63_dys-1E+translational_VG04.lif,.lif,13399172450,2024-02-21
\\SLB122E-01\Vidal-Gadea_lab\Adina\240221_AVG63_dys-1E+translational_VG04_2.lif,.lif,5489311532,2024-02-21
\\SLB122E-01\Vidal-Gadea_lab\Adina\240222_N2_swim_F2_phalloidin_WGA_1.lif,.lif,12270350547,2024-02-22
\\SLB122E-01\Vidal-Gadea_lab\Adina\240222_N2_swim_F2_phalloidin_WGA_2.lif,.lif,12926249641,2024-02-22
\\SLB122E-01\Vidal-Gadea_lab\Adina\240222_N2_swim_F2_phalloidin_WGA_3.lif,.lif,8722516651,2024-02-22
\\SLB122E-01\Vidal-Gadea_lab\Adina\240301_AVG60_RNAi_L4440.lif,.lif,3669238779,2024-03-01
\\SLB122E-01\Vidal-Gadea_lab\Adina\240301_AVG60_RNAi_pezo-1.lif,.lif,4693908647,2024-03-01
\\SLB122E-01\Vidal-Gadea_lab\Adina\240305_AVG68_dys-1DJ+translational.lif,.lif,6552944417,2024-05-03
\\SLB122E-01\Vidal-Gadea_lab\Adina\240305_N2_day5Adult_phalloidin_1.lif,.lif,9935359270,2026-06-11
\\SLB122E-01\Vidal-Gadea_lab\Adina\240305_N2_day5Adult_phalloidin_2.lif,.lif,11297314936,2024-06-27
\\SLB122E-01\Vidal-Gadea_lab\Adina\240305_N2_day5Adult_phalloidin_3.lif,.lif,7514136735,2024-03-05
\\SLB122E-01\Vidal-Gadea_lab\Adina\240306_N2_day5Adult_phalloidin.lif,.lif,11176293402,2024-03-06
\\SLB122E-01\Vidal-Gadea_lab\Adina\240311_Amsh isolation_Aalimah.lif,.lif,1134675487,2024-03-11
\\SLB122E-01\Vidal-Gadea_lab\Adina\240312_AVG60_RNAi_pezo-1.lif,.lif,757810355,2024-03-12
\\SLB122E-01\Vidal-Gadea_lab\Adina\240312_AVG60_RNAi_pezo-1_from 240311.lif,.lif,1359415843,2024-03-12
\\SLB122E-01\Vidal-Gadea_lab\Adina\240314_AVG60_RNAi_pezo.lif,.lif,2815273709,2024-03-14
\\SLB122E-01\Vidal-Gadea_lab\Adina\240315_AVG60_RNAi_pezo-1.lif,.lif,4427430295,2024-03-18
\\SLB122E-01\Vidal-Gadea_lab\Adina\240318_magnetic beads_Nile red_test.lif,.lif,42941161,2024-03-18
\\SLB122E-01\Vidal-Gadea_lab\Adina\240319_N2_VG03_grown on DiI.lif,.lif,1439240555,2024-03-19
\\SLB122E-01\Vidal-Gadea_lab\Adina\240322_magnetic beads worm.lif,.lif,582367021,2024-04-16
\\SLB122E-01\Vidal-Gadea_lab\Adina\240509_AVG60_RNAi_pezo-1.lif,.lif,5310368903,2024-05-09
\\SLB122E-01\Vidal-Gadea_lab\Adina\240510_AVG72_Amsh-gfp_unc-47-mch.lif,.lif,4418193491,2024-05-10
\\SLB122E-01\Vidal-Gadea_lab\Adina\240514_AVG61_Ftn-1_mch-strange.lif,.lif,61418063,2024-05-14
\\SLB122E-01\Vidal-Gadea_lab\Adina\240514_AVG72_Amsh-gfp_unc-47-mch.lif,.lif,3467835175,2024-05-14
\\SLB122E-01\Vidal-Gadea_lab\Adina\240516_AVG60_L1.lif,.lif,2890077641,2024-05-16
\\SLB122E-01\Vidal-Gadea_lab\Adina\240516_N2_L1_phalloidin.lif,.lif,2420399015,2024-05-16
\\SLB122E-01\Vidal-Gadea_lab\Adina\240517_ATU2301_L1.lif,.lif,3528113425,2024-05-17
\\SLB122E-01\Vidal-Gadea_lab\Adina\240517_ATU2301_Larva1_2.lif,.lif,1928593071,2024-05-17
\\SLB122E-01\Vidal-Gadea_lab\Adina\240517_ATU2301_muscles enlarged_day1Adult.lif,.lif,3907724460,2024-05-17
\\SLB122E-01\Vidal-Gadea_lab\Adina\240517_ATU2301_one worm.lif,.lif,14997845743,2024-05-17
\\SLB122E-01\Vidal-Gadea_lab\Adina\240517_AVG60_L1.lif,.lif,3337776711,2024-05-17
\\SLB122E-01\Vidal-Gadea_lab\Adina\240520_AVG63_dys-1E+translational.lif,.lif,8472205567,2024-05-20
\\SLB122E-01\Vidal-Gadea_lab\Adina\240520_N2_L1_phalloidin.lif,.lif,1792124377,2024-05-20
\\SLB122E-01\Vidal-Gadea_lab\Adina\240521_AVG60_L1.lif,.lif,1626726125,2024-05-21
\\SLB122E-01\Vidal-Gadea_lab\Adina\240522_ATU2301_movie.lif,.lif,162918209,2024-05-22
\\SLB122E-01\Vidal-Gadea_lab\Adina\240526_AVG60_day5_1.lif,.lif,7196264317,2024-05-26
\\SLB122E-01\Vidal-Gadea_lab\Adina\240526_AVG60_day5_2.lif,.lif,4530360039,2024-05-26
\\SLB122E-01\Vidal-Gadea_lab\Adina\240528_ATU2301_day5A_L4440.lif,.lif,6705636623,2024-05-28
\\SLB122E-01\Vidal-Gadea_lab\Adina\240528_ATU2301_day5A_RNAi_dys-1.lif,.lif,6014399501,2024-05-28
\\SLB122E-01\Vidal-Gadea_lab\Adina\240603_AVG77_RGB_1.lif,.lif,15586135653,2025-02-23
\\SLB122E-01\Vidal-Gadea_lab\Adina\240603_AVG77_RGB_2_good.lif,.lif,6197898001,2024-06-03
\\SLB122E-01\Vidal-Gadea_lab\Adina\240603_AVG77_RGB_3.lif,.lif,14314412083,2024-06-03
\\SLB122E-01\Vidal-Gadea_lab\Adina\240603_AVG77_RGB_film.lif,.lif,35140843,2024-06-03
\\SLB122E-01\Vidal-Gadea_lab\Adina\240603_AVG77_RGB_resonant scan .lif,.lif,646322217,2024-06-03
\\SLB122E-01\Vidal-Gadea_lab\Adina\240605_AG467_tail pezo quantification.lif,.lif,1993251579,2024-06-05
\\SLB122E-01\Vidal-Gadea_lab\Adina\240607_Aalimah_filtrate_isolate_GFP_amsh.lif,.lif,191659353,2024-06-07
\\SLB122E-01\Vidal-Gadea_lab\Adina\240607_N2_crawl_day1A_mid and tail.lif,.lif,11925578967,2024-06-07
\\SLB122E-01\Vidal-Gadea_lab\Adina\240607_N2_crawl_day1A_tail_phall.lif,.lif,12850180349,2024-06-07
\\SLB122E-01\Vidal-Gadea_lab\Adina\240607_N2_crawl_day1A_tail_phalloidin.lif,.lif,10362777167,2024-06-07
\\SLB122E-01\Vidal-Gadea_lab\Adina\240607_VG03_day1A_phalloidin_2.lif,.lif,13022687267,2024-06-07
\\SLB122E-01\Vidal-Gadea_lab\Adina\240607_VG03_phalloidin_1.lif,.lif,11709803223,2024-06-07
\\SLB122E-01\Vidal-Gadea_lab\Adina\240618_BZ33_day5A_crawl_phall_1.lif,.lif,12937637141,2024-06-18
\\SLB122E-01\Vidal-Gadea_lab\Adina\240618_BZ33_day5A_crawl_phall_2.lif,.lif,13645057769,2024-06-18
\\SLB122E-01\Vidal-Gadea_lab\Adina\240618_BZ33_day5A_crawl_phall_3.lif,.lif,13226673337,2024-06-18
\\SLB122E-01\Vidal-Gadea_lab\Adina\240618_BZ33_day5A_crawl_phall_4.lif,.lif,14008102319,2024-06-18
\\SLB122E-01\Vidal-Gadea_lab\Adina\240618_BZ33_day5A_crawl_phall_5.lif,.lif,8022612535,2024-06-18
\\SLB122E-01\Vidal-Gadea_lab\Adina\240618_N2_day5A_crawl_phall.lif,.lif,5594389157,2024-06-18
\\SLB122E-01\Vidal-Gadea_lab\Adina\240619_BZ33_day5A_crawl_phall_6.lif,.lif,16677370709,2024-06-19
\\SLB122E-01\Vidal-Gadea_lab\Adina\240619_BZ33_day5A_crawl_phall_7.lif,.lif,11704779497,2024-06-19
\\SLB122E-01\Vidal-Gadea_lab\Adina\240619_BZ33_day5A_crawl_phall_8.lif,.lif,12452298839,2024-06-19
\\SLB122E-01\Vidal-Gadea_lab\Adina\240619_BZ33_day5A_crawl_phall_9.lif,.lif,7653881725,2024-06-19
\\SLB122E-01\Vidal-Gadea_lab\Adina\240706_N2_day1A_2nd gen_swim_phall_1.lif,.lif,8126401323,2024-07-06
\\SLB122E-01\Vidal-Gadea_lab\Adina\240706_N2_day1A_2nd gen_swim_phall_2.lif,.lif,5786501107,2024-07-06
\\SLB122E-01\Vidal-Gadea_lab\Adina\240706_VG02.lif,.lif,1856958251,2024-07-06
\\SLB122E-01\Vidal-Gadea_lab\Adina\240719_AVG77_GCaMP_for muscle number id.lif,.lif,973313603,2024-07-19
\\SLB122E-01\Vidal-Gadea_lab\Adina\240719_ZW495_tail gap recording.lif,.lif,5589822863,2024-07-19
\\SLB122E-01\Vidal-Gadea_lab\Adina\240729_muscles_myo-3_mcherry.lif,.lif,1325681599,2024-07-29
\\SLB122E-01\Vidal-Gadea_lab\Adina\240814_human cells_differentiation index.lif,.lif,2884619305,2024-08-14
\\SLB122E-01\Vidal-Gadea_lab\Adina\240815_MTX_intestine GFP.lif,.lif,4179490499,2024-08-21
\\SLB122E-01\Vidal-Gadea_lab\Adina\240902_CZ13799_RNAi_GFP_neurons.lif,.lif,3012830257,2024-09-02
\\SLB122E-01\Vidal-Gadea_lab\Adina\240902_CZ13799_RNAi_L44440_neurons.lif,.lif,2988841319,2024-09-02
\\SLB122E-01\Vidal-Gadea_lab\Adina\240903_SJ4200_RNAi_GFP_muscles.lif,.lif,810938373,2024-09-03
\\SLB122E-01\Vidal-Gadea_lab\Adina\240903_SJ4200_RNAi_L4440_muscles.lif,.lif,468333569,2024-09-03
\\SLB122E-01\Vidal-Gadea_lab\Adina\240905_CZ13799_RNAi_GFP_neurons.lif,.lif,2763651407,2024-09-05
\\SLB122E-01\Vidal-Gadea_lab\Adina\240905_CZ13799_RNAi_L4440_neurons.lif,.lif,3090387327,2024-09-05
\\SLB122E-01\Vidal-Gadea_lab\Adina\240906_SJ4200_RNAi_GFP_muscles.lif,.lif,2771801239,2024-09-06
\\SLB122E-01\Vidal-Gadea_lab\Adina\240906_SJ4200_RNAi_L4440_muscles.lif,.lif,3187068867,2024-09-06
\\SLB122E-01\Vidal-Gadea_lab\Adina\240910_Ca_diff+.lif,.lif,839858579,2024-09-15
\\SLB122E-01\Vidal-Gadea_lab\Adina\240912_AVG68_dys-1DJ.lif,.lif,10466284070,2024-09-12
\\SLB122E-01\Vidal-Gadea_lab\Adina\240917_ATU2301_Aalimah.lif,.lif,2233871181,2024-09-17
\\SLB122E-01\Vidal-Gadea_lab\Adina\240917_N2_day5A_phalloidin.lif,.lif,1023543339,2026-06-11
\\SLB122E-01\Vidal-Gadea_lab\Adina\240917_VG02_day5A_phalloidin+WGA.lif,.lif,2369001509,2024-09-17
\\SLB122E-01\Vidal-Gadea_lab\Adina\240917_VG02_day5A_phalloidin.lif,.lif,885717874,2024-09-17
\\SLB122E-01\Vidal-Gadea_lab\Adina\240918_pmca_myoblasts.lif,.lif,327939127,2024-09-18
\\SLB122E-01\Vidal-Gadea_lab\Adina\240921_ATU2301_GFP_10x_Aalimah.lif,.lif,619142969,2024-10-03
\\SLB122E-01\Vidal-Gadea_lab\Adina\240921_ATU2301_mCherry_63x_Aalimah.lif,.lif,14389725253,2024-10-11
\\SLB122E-01\Vidal-Gadea_lab\Adina\240921_ATU2301_mCherry_63x_Aalimah_2.lif,.lif,7320063701,2024-09-30
\\SLB122E-01\Vidal-Gadea_lab\Adina\240924_AVG60_RNAi_pezo-1.lif,.lif,1711675635,2024-09-24
\\SLB122E-01\Vidal-Gadea_lab\Adina\240924_AVG60_RNAi_pezo-1_2nd_gen.lif,.lif,5250137841,2024-09-29
\\SLB122E-01\Vidal-Gadea_lab\Adina\240926_AVG60_RNAi_pezo-1.lif,.lif,502584515,2024-09-26
\\SLB122E-01\Vidal-Gadea_lab\Adina\241121_AVG63_uterine muscle.lif,.lif,6802373215,2024-11-21
\\SLB122E-01\Vidal-Gadea_lab\Adina\241202_COP1367_day5A_phalloidin_1.lif,.lif,9166060161,2024-12-02
\\SLB122E-01\Vidal-Gadea_lab\Adina\241202_COP1367_day5A_phalloidin_2.lif,.lif,7825657496,2024-12-02
\\SLB122E-01\Vidal-Gadea_lab\Adina\241217_AVG64xVG02.lif,.lif,14492035999,2024-12-18
\\SLB122E-01\Vidal-Gadea_lab\Adina\241223_AVG83_gcy23+ftn+Amsh.lif,.lif,7500331351,2024-12-23
\\SLB122E-01\Vidal-Gadea_lab\Adina\241223_AVG83_gcy23+ftn2+Amsh_2.lif,.lif,4306677903,2024-12-26
\\SLB122E-01\Vidal-Gadea_lab\Adina\241224_AVG63_BWM_translational.lif,.lif,2946754629,2024-12-24
\\SLB122E-01\Vidal-Gadea_lab\Adina\241224_AVG63_day1Adult_representative .lif,.lif,1662674105,2024-12-24
\\SLB122E-01\Vidal-Gadea_lab\Adina\241224_AVG63_day5A_smooth muscles.lif,.lif,1736905053,2024-12-24
\\SLB122E-01\Vidal-Gadea_lab\Adina\241224_AVG63_L1.lif,.lif,974157059,2024-12-24
\\SLB122E-01\Vidal-Gadea_lab\Adina\241224_AVG63_L4.lif,.lif,3940411511,2024-12-25
\\SLB122E-01\Vidal-Gadea_lab\Adina\241224_AVG63_neuron.lif,.lif,2467242467,2024-12-24
\\SLB122E-01\Vidal-Gadea_lab\Adina\241225_AVG63_day1Adult_head+mid.lif,.lif,5163573291,2024-12-25
\\SLB122E-01\Vidal-Gadea_lab\Adina\241226_AVG84_dys-1ERsc_day5A_smooth muscles.lif,.lif,4349321259,2024-12-26
\\SLB122E-01\Vidal-Gadea_lab\Adina\241226_AVG85_day5A_smooth muscles.lif,.lif,3555779825,2024-12-26
\\SLB122E-01\Vidal-Gadea_lab\Adina\241226_RWxDM.lif,.lif,1402027805,2025-02-09
\\SLB122E-01\Vidal-Gadea_lab\Adina\241227_AVG63_day5A_smooth_muscles.lif,.lif,2742286967,2024-12-27
\\SLB122E-01\Vidal-Gadea_lab\Adina\241227_RWxDM_actin_myosin_branching.lif,.lif,3770642903,2025-01-28
\\SLB122E-01\Vidal-Gadea_lab\Adina\241227_RWxDM_myo-3_actin_branching_good.lif,.lif,2570650135,2024-12-27
\\SLB122E-01\Vidal-Gadea_lab\Adina\AVG60_RNAi_dys-1\230222_AVG60_dys-1_a-g_RNAi.lif,.lif,5906840895,2023-02-22
\\SLB122E-01\Vidal-Gadea_lab\Adina\AVG60_RNAi_dys-1\230222_AVG60_dys-1_RNAi.lif,.lif,1979333307,2023-02-22
\\SLB122E-01\Vidal-Gadea_lab\Adina\AVG60_RNAi_dys-1\230222_AVG60_L4440_RNAi.lif,.lif,2870172539,2023-02-22
\\SLB122E-01\Vidal-Gadea_lab\Adina\AVG60_RNAi_dys-1\230223_AVG60_dys-1_a-g_RNAi.lif,.lif,324178805,2023-02-23
\\SLB122E-01\Vidal-Gadea_lab\Adina\AVG60_RNAi_dys-1\230223_AVG60_dys-1_RNAi.lif,.lif,5921739197,2023-02-23
\\SLB122E-01\Vidal-Gadea_lab\Adina\AVG60_RNAi_dys-1\230223_AVG60_L4440_RNAi.lif,.lif,1804743181,2023-02-23
\\SLB122E-01\Vidal-Gadea_lab\Adina\AVG60_RNAi_dys-1\230224_AVG60_L4440_RNAi_uterus.lif,.lif,951992983,2023-02-24
\\SLB122E-01\Vidal-Gadea_lab\Adina\AVG60_RNAi_dys-1\230525_AVG60_RNAi_dys-1.lif,.lif,5597169459,2023-05-25
\\SLB122E-01\Vidal-Gadea_lab\Adina\AVG60_RNAi_dys-1\230525_AVG60_RNAi_L4440.lif,.lif,2904773875,2023-05-25
\\SLB122E-01\Vidal-Gadea_lab\Adina\AVG60_RNAi_Unc-62\240208_AVG60_L4440 and Unc-62_egg retention.lif,.lif,117746529,2024-02-08
\\SLB122E-01\Vidal-Gadea_lab\Adina\AVG60_RNAi_Unc-62\240209_AVG60_vulva_Unc-62.lif,.lif,2096223829,2024-02-09
\\SLB122E-01\Vidal-Gadea_lab\Adina\AVG60_RNAi_Unc-62\240212_AVG60_L4440.lif,.lif,3696898007,2024-02-12
\\SLB122E-01\Vidal-Gadea_lab\Adina\AVG60_RNAi_Unc-62\240212_AVG60_Unc-62_midbody muscles.lif,.lif,3454225659,2024-02-12
\\SLB122E-01\Vidal-Gadea_lab\Adina\AVG60_RNAi_Unc-62\240213_AVG60_L4440.lif,.lif,1416295605,2024-02-13
\\SLB122E-01\Vidal-Gadea_lab\Adina\AVG60_RNAi_Unc-62\240213_AVG60_Unc-62.lif,.lif,1139836011,2024-02-13
\\SLB122E-01\Vidal-Gadea_lab\Adina\AVG60_tissue dissociation\240126_AVG60_tissue dissociation.lif,.lif,1822357826,2024-02-05
\\SLB122E-01\Vidal-Gadea_lab\Adina\AVG60_tissue dissociation\240131_AVG60_tissue dissociation.lif,.lif,109069035,2024-01-31
\\SLB122E-01\Vidal-Gadea_lab\Adina\AVG60_tissue dissociation\240205_AVG60_dissociation_many images.lif,.lif,6065455749,2024-02-06
\\SLB122E-01\Vidal-Gadea_lab\Adina\AVG60_tissue dissociation\240207_AVG60_dissociation.lif,.lif,4261267861,2024-02-07
\\SLB122E-01\Vidal-Gadea_lab\Adina\AVG78_op50_SN\240810_AF_ACG78_dys-1_w11.lif,.lif,29399429,2024-10-23
\\SLB122E-01\Vidal-Gadea_lab\Adina\AVG78_op50_SN\240810_AF_ACG78_dys-1_w12.lif,.lif,19822325,2024-10-23
\\SLB122E-01\Vidal-Gadea_lab\Adina\AVG78_op50_SN\240810_AF_ACG78_dys-1_w13.lif,.lif,24196865,2024-10-23
\\SLB122E-01\Vidal-Gadea_lab\Adina\AVG78_op50_SN\240810_AF_ACG78_dys-1_w14.lif,.lif,22034187,2024-10-23
\\SLB122E-01\Vidal-Gadea_lab\Adina\AVG78_op50_SN\240810_AF_ACG78_dys-1_w15.lif,.lif,29970455,2024-10-23
\\SLB122E-01\Vidal-Gadea_lab\Adina\AVG78_op50_SN\240810_AF_ACG78_L4440_12.lif,.lif,29521731,2024-10-23
\\SLB122E-01\Vidal-Gadea_lab\Adina\AVG78_op50_SN\240810_AF_ACG78_L4440_w1.lif,.lif,17604401,2024-10-11
\\SLB122E-01\Vidal-Gadea_lab\Adina\AVG78_op50_SN\240810_AF_ACG78_L4440_w10.lif,.lif,22075391,2024-10-15
\\SLB122E-01\Vidal-Gadea_lab\Adina\AVG78_op50_SN\240810_AF_ACG78_L4440_w11_vulva up_confused.lif,.lif,30818321,2024-10-23
\\SLB122E-01\Vidal-Gadea_lab\Adina\AVG78_op50_SN\240810_AF_ACG78_L4440_w13.lif,.lif,28723043,2024-10-23
\\SLB122E-01\Vidal-Gadea_lab\Adina\AVG78_op50_SN\240810_AF_ACG78_L4440_w14.lif,.lif,36198653,2024-10-23
\\SLB122E-01\Vidal-Gadea_lab\Adina\AVG78_op50_SN\240810_AF_ACG78_L4440_w15.lif,.lif,23398171,2024-10-23
\\SLB122E-01\Vidal-Gadea_lab\Adina\AVG78_op50_SN\240810_AF_ACG78_L4440_w2.lif,.lif,18059015,2024-10-11
\\SLB122E-01\Vidal-Gadea_lab\Adina\AVG78_op50_SN\240810_AF_ACG78_L4440_w3.lif,.lif,21124907,2024-10-11
\\SLB122E-01\Vidal-Gadea_lab\Adina\AVG78_op50_SN\240810_AF_ACG78_L4440_w4.lif,.lif,20621071,2024-10-11
\\SLB122E-01\Vidal-Gadea_lab\Adina\AVG78_op50_SN\240810_AF_ACG78_L4440_w5.lif,.lif,20104841,2024-10-11
\\SLB122E-01\Vidal-Gadea_lab\Adina\AVG78_op50_SN\240810_AF_ACG78_L4440_w6.lif,.lif,10417673,2024-10-11
\\SLB122E-01\Vidal-Gadea_lab\Adina\AVG78_op50_SN\240810_AF_ACG78_L4440_w7.lif,.lif,20848309,2024-10-15
\\SLB122E-01\Vidal-Gadea_lab\Adina\AVG78_op50_SN\240810_AF_ACG78_L4440_w8.lif,.lif,26615705,2024-10-15
\\SLB122E-01\Vidal-Gadea_lab\Adina\AVG78_op50_SN\240810_AF_ACG78_L4440_w9.lif,.lif,25706505,2024-10-15
\\SLB122E-01\Vidal-Gadea_lab\Adina\AVG78_op50_SN\240810_AF_ACG78_op50_w3.lif,.lif,13477527,2024-10-08
\\SLB122E-01\Vidal-Gadea_lab\Adina\AVG78_op50_SN\240810_AF_AVG78_dys-1_w1.lif,.lif,15792021,2024-10-09
\\SLB122E-01\Vidal-Gadea_lab\Adina\AVG78_op50_SN\240810_AF_AVG78_dys-1_w10.lif,.lif,11493011,2024-10-09
\\SLB122E-01\Vidal-Gadea_lab\Adina\AVG78_op50_SN\240810_AF_AVG78_dys-1_w2.lif,.lif,16142021,2024-10-09
\\SLB122E-01\Vidal-Gadea_lab\Adina\AVG78_op50_SN\240810_AF_AVG78_dys-1_w3.lif,.lif,4810053,2024-10-09
\\SLB122E-01\Vidal-Gadea_lab\Adina\AVG78_op50_SN\240810_AF_AVG78_dys-1_w4.lif,.lif,6856017,2024-10-09
\\SLB122E-01\Vidal-Gadea_lab\Adina\AVG78_op50_SN\240810_AF_AVG78_dys-1_w5.lif,.lif,13360837,2024-10-09
\\SLB122E-01\Vidal-Gadea_lab\Adina\AVG78_op50_SN\240810_AF_AVG78_dys-1_w6.lif,.lif,5320009,2024-10-09
\\SLB122E-01\Vidal-Gadea_lab\Adina\AVG78_op50_SN\240810_AF_AVG78_dys-1_w7.lif,.lif,10927783,2024-10-09
\\SLB122E-01\Vidal-Gadea_lab\Adina\AVG78_op50_SN\240810_AF_AVG78_dys-1_w8.lif,.lif,17942511,2024-10-09
\\SLB122E-01\Vidal-Gadea_lab\Adina\AVG78_op50_SN\240810_AF_AVG78_dys-1_w9.lif,.lif,11603625,2024-10-09
\\SLB122E-01\Vidal-Gadea_lab\Adina\AVG78_op50_SN\240810_AF_AVG78_op50_w1.lif,.lif,38057971,2024-10-08
\\SLB122E-01\Vidal-Gadea_lab\Adina\AVG78_op50_SN\240810_AF_AVG78_op50_w2.lif,.lif,25372311,2024-10-08
\\SLB122E-01\Vidal-Gadea_lab\Adina\AVG78_op50_SN\242709_AF_dys1RNAi_MScrlt Pezo_GFP E.lif,.lif,12686763,2024-10-09
\\SLB122E-01\Vidal-Gadea_lab\Adina\Brainbow worms\230514_AVG57_brainbow.lif,.lif,1522124779,2023-05-14
\\SLB122E-01\Vidal-Gadea_lab\Adina\Brainbow worms\230526_AVG57_Neuropal settings.lif,.lif,4900100125,2023-05-26
\\SLB122E-01\Vidal-Gadea_lab\Adina\Brainbow worms\230529_AVG57_w-o magenta.lif,.lif,2445961667,2023-05-29
\\SLB122E-01\Vidal-Gadea_lab\Adina\Brainbow worms\230531_AVG57_neuropal settings.lif,.lif,2699360941,2023-05-31
\\SLB122E-01\Vidal-Gadea_lab\Adina\Brainbow worms\230602_AVG57_neuropal settings.lif,.lif,2846435315,2023-06-02
\\SLB122E-01\Vidal-Gadea_lab\Adina\Brainbow worms\230712_AVG59_neuropal settings.lif,.lif,7150932299,2023-07-12
\\SLB122E-01\Vidal-Gadea_lab\Adina\Brainbow worms\230717_AVG57.lif,.lif,11639795045,2023-07-17
\\SLB122E-01\Vidal-Gadea_lab\Adina\Brainbow worms\230718_AVG57.lif,.lif,6481684631,2023-07-18
\\SLB122E-01\Vidal-Gadea_lab\Adina\Brainbow worms\230926_AVG59.lif,.lif,3336625731,2023-09-26
\\SLB122E-01\Vidal-Gadea_lab\Adina\Brainbow worms\231216_AVG57_brainbow test.lif,.lif,799778267,2023-12-16
\\SLB122E-01\Vidal-Gadea_lab\Adina\Brainbow worms\231216_AVG59_brainbow test.lif,.lif,852444587,2023-12-16
\\SLB122E-01\Vidal-Gadea_lab\Adina\Brainbow worms\231219_AVG59_brainbow.lif,.lif,3132022239,2023-12-19
\\SLB122E-01\Vidal-Gadea_lab\Adina\Brainbow worms\231220_AVG59_brainbow.lif,.lif,2595443577,2023-12-20
\\SLB122E-01\Vidal-Gadea_lab\Adina\Brainbow worms\231221_AVG57_brainbow.lif,.lif,2148790643,2023-12-21
\\SLB122E-01\Vidal-Gadea_lab\Adina\Brainbow worms\231221_AVG59_vulva_tail.lif,.lif,1467024453,2023-12-21
\\SLB122E-01\Vidal-Gadea_lab\Adina\Brainbow worms\231222_AVG57_brainbow.lif,.lif,2296233741,2023-12-22
\\SLB122E-01\Vidal-Gadea_lab\Adina\Brainbow worms\240118_AVG59_vulva_brainbow.lif,.lif,2527280373,2024-01-18
\\SLB122E-01\Vidal-Gadea_lab\Adina\dys-1 exprssn pattern_transcriptional reporter strains\221203_AVG57.lif,.lif,56408913,2022-12-03
\\SLB122E-01\Vidal-Gadea_lab\Adina\dys-1 exprssn pattern_transcriptional reporter strains\221204_AVG53.lif,.lif,1604103359,2022-12-04
\\SLB122E-01\Vidal-Gadea_lab\Adina\dys-1 exprssn pattern_transcriptional reporter strains\221205_AVG39.lif,.lif,3478702333,2022-12-08
\\SLB122E-01\Vidal-Gadea_lab\Adina\dys-1 exprssn pattern_transcriptional reporter strains\221207_AVG53.lif,.lif,5272692780,2022-12-08
\\SLB122E-01\Vidal-Gadea_lab\Adina\dys-1 exprssn pattern_transcriptional reporter strains\221209_AVG39.lif,.lif,5671079061,2022-12-12
\\SLB122E-01\Vidal-Gadea_lab\Adina\dys-1 exprssn pattern_transcriptional reporter strains\221211_AVG59.lif,.lif,3251799879,2022-12-12
\\SLB122E-01\Vidal-Gadea_lab\Adina\dys-1 exprssn pattern_transcriptional reporter strains\221214_AVG57.lif,.lif,2841253735,2022-12-15
\\SLB122E-01\Vidal-Gadea_lab\Adina\dys-1 exprssn pattern_transcriptional reporter strains\221215_AVG44.lif,.lif,5816438018,2022-12-19
\\SLB122E-01\Vidal-Gadea_lab\Adina\dys-1 exprssn pattern_transcriptional reporter strains\221216_AVG48.lif,.lif,4457574989,2022-12-16
\\SLB122E-01\Vidal-Gadea_lab\Adina\dys-1 exprssn pattern_transcriptional reporter strains\221219_AVG57.lif,.lif,7795888065,2022-12-19
\\SLB122E-01\Vidal-Gadea_lab\Adina\dys-1 exprssn pattern_transcriptional reporter strains\221219_AVG59.lif,.lif,9482135399,2022-12-19
\\SLB122E-01\Vidal-Gadea_lab\Adina\dys-1 exprssn pattern_transcriptional reporter strains\221221_AVG39.lif,.lif,4448224395,2022-12-21
\\SLB122E-01\Vidal-Gadea_lab\Adina\dys-1 exprssn pattern_transcriptional reporter strains\230120_AVG57.lif,.lif,4932277897,2023-01-20
\\SLB122E-01\Vidal-Gadea_lab\Adina\dys-1 exprssn pattern_transcriptional reporter strains\230124_AVG57.lif,.lif,3688856479,2023-01-24
\\SLB122E-01\Vidal-Gadea_lab\Adina\dys-1 exprssn pattern_transcriptional reporter strains\230125_AVG44.lif,.lif,9391038395,2023-01-27
\\SLB122E-01\Vidal-Gadea_lab\Adina\dys-1 exprssn pattern_transcriptional reporter strains\230126_AVG44.lif,.lif,10290970783,2023-01-26
\\SLB122E-01\Vidal-Gadea_lab\Adina\dys-1 exprssn pattern_transcriptional reporter strains\230127_AVG48.lif,.lif,710409411,2023-01-27
\\SLB122E-01\Vidal-Gadea_lab\Adina\dys-1 exprssn pattern_transcriptional reporter strains\230130_AH-E.lif,.lif,12319199117,2023-01-30
\\SLB122E-01\Vidal-Gadea_lab\Adina\dys-1 exprssn pattern_transcriptional reporter strains\230131_AVG57.lif,.lif,16429996831,2023-01-31
\\SLB122E-01\Vidal-Gadea_lab\Adina\dys-1 exprssn pattern_transcriptional reporter strains\230203_AH-E.lif,.lif,14923434267,2023-02-07
\\SLB122E-01\Vidal-Gadea_lab\Adina\dys-1 exprssn pattern_transcriptional reporter strains\230207_AH-E.lif,.lif,10269641957,2023-02-07
\\SLB122E-01\Vidal-Gadea_lab\Adina\dys-1 exprssn pattern_transcriptional reporter strains\230208_AH-E.lif,.lif,13415344471,2023-02-08
\\SLB122E-01\Vidal-Gadea_lab\Adina\dys-1 exprssn pattern_transcriptional reporter strains\230210_AH-E.lif,.lif,13648387625,2023-02-10
\\SLB122E-01\Vidal-Gadea_lab\Adina\dys-1 exprssn pattern_transcriptional reporter strains\230213_AVG57.lif,.lif,5280606441,2023-02-13
\\SLB122E-01\Vidal-Gadea_lab\Adina\Ftn_iron_for Tope\240129_AVG61_iron_20x_63x_lightn.lif,.lif,7181622199,2025-03-22
\\SLB122E-01\Vidal-Gadea_lab\Adina\Ftn_iron_for Tope\240219_AVG62_63x Lghtn.lif,.lif,2498497529,2025-03-24
\\SLB122E-01\Vidal-Gadea_lab\Adina\Ftn_iron_for Tope\240219_AVG62_Ftn-2_20x_63x Lightn.lif,.lif,13228228737,2025-03-24
\\SLB122E-01\Vidal-Gadea_lab\Adina\Ftn_iron_for Tope\240306_AVG64.lif,.lif,9945739540,2024-03-06
\\SLB122E-01\Vidal-Gadea_lab\Adina\Ftn_iron_for Tope\240503_AVG61_ftn-1.lif,.lif,6623040329,2025-03-22
\\SLB122E-01\Vidal-Gadea_lab\Adina\PEZO-1\230427_pezo-mScarlet.lif,.lif,3259783295,2023-04-27
\\SLB122E-01\Vidal-Gadea_lab\Adina\PEZO-1\230516_pezo-1_mScarlet.lif,.lif,2579558895,2023-05-16
\\SLB122E-01\Vidal-Gadea_lab\Adina\PEZO-1\230518_pezo-1.lif,.lif,4962168466,2023-06-07
\\SLB122E-01\Vidal-Gadea_lab\Adina\PEZO-1\230523_pezo-1 Phall_CF680.lif,.lif,3079880576,2023-05-23
\\SLB122E-01\Vidal-Gadea_lab\Adina\PEZO-1\230524_pezo-1_mScarlet-green_WGA-blue_Phalloidin-red.lif,.lif,4363613933,2023-05-24
\\SLB122E-01\Vidal-Gadea_lab\Adina\PEZO-1\230601_pezo-1-mScarlet-green_WGA-blue_Phall-red.lif,.lif,5651267219,2023-06-12
\\SLB122E-01\Vidal-Gadea_lab\Adina\PEZO-1\230607_pezo-mScarlet-green_WGA-blue_phalloidin-CF680-red.lif,.lif,1330150623,2023-06-07
\\SLB122E-01\Vidal-Gadea_lab\Adina\PEZO-1\230607_pezo-mScarlet-red_WGA-blue_Phalloidin-488-green.lif,.lif,5293111847,2023-06-07
\\SLB122E-01\Vidal-Gadea_lab\Adina\PEZO-1\230610_20x_pezo-1-mScarlet-red_WGA-blue_Phalloidin-488-green.lif,.lif,15188390027,2024-02-05
\\SLB122E-01\Vidal-Gadea_lab\Adina\PEZO-1\230611_pezo-1_20x.lif,.lif,20132874087,2023-06-11
\\SLB122E-01\Vidal-Gadea_lab\Adina\PEZO-1\230611_pezo-1_63x.lif,.lif,21515712071,2023-07-13
\\SLB122E-01\Vidal-Gadea_lab\Adina\PEZO-1\230611_pezo-1_single muscle.lif,.lif,2360510623,2023-06-11
\\SLB122E-01\Vidal-Gadea_lab\Adina\PEZO-1\230613_pezo-1_1.lif,.lif,7472619019,2023-06-13
\\SLB122E-01\Vidal-Gadea_lab\Adina\PEZO-1\230613_pezo-1_2.lif,.lif,9364778498,2023-10-20
\\SLB122E-01\Vidal-Gadea_lab\Adina\PEZO-1\230613_pezo-1_3.lif,.lif,10476842233,2023-06-13
\\SLB122E-01\Vidal-Gadea_lab\Adina\PEZO-1\230831_pezo_phalloidin_crawl.lif,.lif,24611627501,2023-08-31
\\SLB122E-01\Vidal-Gadea_lab\Adina\PEZO-1\230831_pezo_phalloidin_swim.lif,.lif,22101305853,2023-09-04
\\SLB122E-01\Vidal-Gadea_lab\Adina\PEZO-1\230831_pezo_phalloidin_swim_tail.lif,.lif,29170925123,2023-08-31
\\SLB122E-01\Vidal-Gadea_lab\Adina\PEZO-1\230923_AG467_WGA_head_1.lif,.lif,18063823773,2023-09-23
\\SLB122E-01\Vidal-Gadea_lab\Adina\PEZO-1\230923_AG467_WGA_head_2.lif,.lif,14299946281,2023-09-23
\\SLB122E-01\Vidal-Gadea_lab\Adina\PEZO-1\230924-AG467_WGA_Head_1.lif,.lif,8324521799,2023-09-24
\\SLB122E-01\Vidal-Gadea_lab\Adina\PEZO-1\230924-AG467_WGA_Head_2.lif,.lif,4064485413,2023-09-24
\\SLB122E-01\Vidal-Gadea_lab\Adina\PEZO-1\230924-AG467_WGA_Tail and Head.lif,.lif,8983753831,2023-09-24
\\SLB122E-01\Vidal-Gadea_lab\Adina\PEZO-1\230929_AG467_pezo-mScarlet only.lif,.lif,8406933137,2023-09-29
\\SLB122E-01\Vidal-Gadea_lab\Adina\PEZO-1\230930_AG467_freeze-cracked pezo-mScarlet only.lif,.lif,6274133663,2023-09-30
\\SLB122E-01\Vidal-Gadea_lab\Adina\PEZO-1\231129_pezo_mscarlet count mode.lif,.lif,6856255,2023-11-29
\\SLB122E-01\Vidal-Gadea_lab\Adina\PEZO-1\231201_pezo_quant.lif,.lif,516381527,2023-12-01
\\SLB122E-01\Vidal-Gadea_lab\Adina\PEZO-1\231202_pezo_quantification.lif,.lif,1117031131,2023-12-02
\\SLB122E-01\Vidal-Gadea_lab\Adina\PEZO-1\240127_pezo_tail_quantification.lif,.lif,721549025,2024-01-27
\\SLB122E-01\Vidal-Gadea_lab\Adina\VG03_dys-1_KO\240203_VG03_dys-1KO_phalloidin.lif,.lif,11396453233,2024-02-03
\\SLB122E-01\Vidal-Gadea_lab\Adina\VG03_dys-1_KO\240224_VG03_dys-1KO_day5adullt_phalloidin_3.lif,.lif,10435840952,2024-02-26
\\SLB122E-01\Vidal-Gadea_lab\Adina\VG03_dys-1_KO\240224_VG03_dys-1KO_day5Adult_phalloidin_2.lif,.lif,9918409879,2024-02-26
\\SLB122E-01\Vidal-Gadea_lab\Adina\VG03_dys-1_KO\240224_VG03_dys-1KO_day5A_phalloidin_1.lif,.lif,9529837621,2024-02-26
\\SLB122E-01\Vidal-Gadea_lab\Adina\VG03_dys-1_KO\240225_VG03_dys-1KO_day5adult_phalloidin_1.lif,.lif,9653886822,2024-02-27
\\SLB122E-01\Vidal-Gadea_lab\Adina\VG03_dys-1_KO\240225_VG03_dys-1KO_day5adult_phalloidin_2.lif,.lif,3588217913,2024-02-28
\\SLB122E-01\Vidal-Gadea_lab\Adina\VG04_dys-1_mCherry_protein fusion\240111_dys-1 mch tag_LNG__VG04.lif,.lif,3116583367,2024-01-11
\\SLB122E-01\Vidal-Gadea_lab\Adina\VG04_dys-1_mCherry_protein fusion\240111_dys-1 mch tag_VG04.lif,.lif,2301524515,2024-01-11
\\SLB122E-01\Vidal-Gadea_lab\andres\zstack_REMOT_egg.lif,.lif,121780945,2019-07-15
\\SLB122E-01\Vidal-Gadea_lab\andres\zstack_REMOT_egg2.lif,.lif,121780979,2019-07-15
\\SLB122E-01\Vidal-Gadea_lab\Chance\13120_chance_cellculture.lif,.lif,245436617,2020-01-31
\\SLB122E-01\Vidal-Gadea_lab\Chance\Earth Neuron_marsproj.lif,.lif,270444827,2019-08-14
\\SLB122E-01\Vidal-Gadea_lab\Chance\OH1358 with mag label negative ctrl.lif,.lif,378211421,2019-07-23
\\SLB122E-01\Vidal-Gadea_lab\Chance\pdatICE_cbd.lif,.lif,66966881,2019-11-15
\\SLB122E-01\Vidal-Gadea_lab\Chance\pezo-1S-5kb_gfp.lif,.lif,57869897,2019-10-15
\\SLB122E-01\Vidal-Gadea_lab\Chance\pezo-1S-5kb_gfp2.lif,.lif,57869897,2019-10-15
\\SLB122E-01\Vidal-Gadea_lab\Chance\pezo-1S-5kb_gfp_zoom.lif,.lif,93561327,2019-10-15
\\SLB122E-01\Vidal-Gadea_lab\Chance\pezo-1 data\Analysis - 6.18.2019.lif,.lif,5969350113,2019-06-18
\\SLB122E-01\Vidal-Gadea_lab\Chance\pezo-1 data\Project.lif,.lif,316124899,2019-06-20
\\SLB122E-01\Vidal-Gadea_lab\Danny\250612.lif,.lif,19809427,2025-06-12
\\SLB122E-01\Vidal-Gadea_lab\Jessica\012821_Pezo-1_K isoform.lif,.lif,1921563433,2021-01-28
\\SLB122E-01\Vidal-Gadea_lab\Jessica\072721_Nmgp-1-GFP in rainbow worms.lif,.lif,874652435,2021-07-27
\\SLB122E-01\Vidal-Gadea_lab\Jessica\081021_Nmgp-1-GFP in OH15500.lif,.lif,526154719,2021-08-10
\\SLB122E-01\Vidal-Gadea_lab\Kiley\102820_OH15500 pezo crosses.lif,.lif,1141680479,2020-10-28
\\SLB122E-01\Vidal-Gadea_lab\Kiley\10421_larva_CH1878 and WB141.lif,.lif,23715867459,2021-11-17
\\SLB122E-01\Vidal-Gadea_lab\Kiley\10621_DM8005 larva.lif,.lif,8615620783,2021-10-06
\\SLB122E-01\Vidal-Gadea_lab\Kiley\10720_N2_IBD5.lif,.lif,394470813,2020-10-07
\\SLB122E-01\Vidal-Gadea_lab\Kiley\10720_N2_ISD5.lif,.lif,421211525,2020-10-07
\\SLB122E-01\Vidal-Gadea_lab\Kiley\10920_OH15500xpezo-1.lif,.lif,4935571955,2020-10-30
\\SLB122E-01\Vidal-Gadea_lab\Kiley\11020_pezo-1.lif,.lif,3159982709,2020-01-10
\\SLB122E-01\Vidal-Gadea_lab\Kiley\112320_AVG10.lif,.lif,2712215069,2020-11-23
\\SLB122E-01\Vidal-Gadea_lab\Kiley\112420_AVG10.lif,.lif,1747625063,2020-11-24
\\SLB122E-01\Vidal-Gadea_lab\Kiley\112421_nmgp-1.lif,.lif,1150119861,2021-11-24
\\SLB122E-01\Vidal-Gadea_lab\Kiley\11720_pezo-1.lif,.lif,6897580011,2020-01-17
\\SLB122E-01\Vidal-Gadea_lab\Kiley\12621_pezo iso L.lif,.lif,1389203877,2021-01-26
\\SLB122E-01\Vidal-Gadea_lab\Kiley\1820_pezo-1.lif,.lif,484702871,2020-03-17
\\SLB122E-01\Vidal-Gadea_lab\Kiley\21920_pdysL.lif,.lif,638693463,2020-02-19
\\SLB122E-01\Vidal-Gadea_lab\Kiley\61821_VG01.lif,.lif,236758599,2021-06-18
\\SLB122E-01\Vidal-Gadea_lab\Kiley\71219_no remote-later.lif,.lif,887371651,2019-07-12
\\SLB122E-01\Vidal-Gadea_lab\Kiley\71219_no remote.lif,.lif,880929969,2019-07-12
\\SLB122E-01\Vidal-Gadea_lab\Kiley\71219_remote.lif,.lif,1493909949,2019-07-12
\\SLB122E-01\Vidal-Gadea_lab\Kiley\71619.lif,.lif,202795457,2019-07-16
\\SLB122E-01\Vidal-Gadea_lab\Kiley\71619_non remote IHC_FLIM.lif,.lif,384817839,2019-07-16
\\SLB122E-01\Vidal-Gadea_lab\Kiley\71619_remote in vitro.lif,.lif,3848015695,2019-07-16
\\SLB122E-01\Vidal-Gadea_lab\Kiley\81821_CH1878_BAD.lif,.lif,215746947,2021-08-18
\\SLB122E-01\Vidal-Gadea_lab\Kiley\81821_WB141_eggs.lif,.lif,943250103,2021-08-18
\\SLB122E-01\Vidal-Gadea_lab\Kiley\81919_crayfish REMOT.lif,.lif,1689844063,2019-08-19
\\SLB122E-01\Vidal-Gadea_lab\Kiley\81921_CH1878_eggs.lif,.lif,439922087,2021-08-19
\\SLB122E-01\Vidal-Gadea_lab\Kiley\82621_L1.lif,.lif,3240719761,2021-08-26
\\SLB122E-01\Vidal-Gadea_lab\Kiley\91620_31720_AVG9 pezo-1.lif,.lif,1276454631,2020-09-16
\\SLB122E-01\Vidal-Gadea_lab\Kiley\91819_brine shrimp.lif,.lif,38584913,2019-09-18
\\SLB122E-01\Vidal-Gadea_lab\Kiley\92721_CH1878.lif,.lif,1932279955,2021-09-27
\\SLB122E-01\Vidal-Gadea_lab\Kiley\9619_cas9.lif,.lif,144355873,2019-09-06
\\SLB122E-01\Vidal-Gadea_lab\Kiley\9721_lightning.lif,.lif,1030297109,2021-09-07
\\SLB122E-01\Vidal-Gadea_lab\Kiley\9821_L1.lif,.lif,1851822009,2021-09-08
\\SLB122E-01\Vidal-Gadea_lab\Kiley\DM8005 eggs.lif,.lif,449839989,2021-08-18
\\SLB122E-01\Vidal-Gadea_lab\Mailen\06-12-2021 DEL.lif,.lif,1201439465,2021-12-06
\\SLB122E-01\Vidal-Gadea_lab\Mailen\06-12-2021 MUT.lif,.lif,1410345237,2021-12-06
\\SLB122E-01\Vidal-Gadea_lab\Mailen\06-12-2021 N2 .lif,.lif,1663037989,2021-12-06
\\SLB122E-01\Vidal-Gadea_lab\Mailen\1-12-2021 DEL.lif,.lif,1600819947,2021-12-06
\\SLB122E-01\Vidal-Gadea_lab\Mailen\1-12-2021 MUT.lif,.lif,1490914337,2021-12-01
\\SLB122E-01\Vidal-Gadea_lab\Mailen\1-12-2021.lif,.lif,1656175347,2021-12-01
\\SLB122E-01\Vidal-Gadea_lab\Margarita\1126202_ATU2301_lightning training.lif,.lif,1307925947,2024-11-26
\\SLB122E-01\Vidal-Gadea_lab\Margarita\241118_AVG60_training.lif,.lif,395619115,2024-11-18
\\SLB122E-01\Vidal-Gadea_lab\Ploy\10220_pezo-1_mscarlett.lif,.lif,1406780919,2020-10-02
\\SLB122E-01\Vidal-Gadea_lab\Ploy\10220_pezo_1_gcamp_gfp.lif,.lif,1363270851,2020-10-02
\\SLB122E-01\Vidal-Gadea_lab\Ploy\10420_pezo-1.lif,.lif,3978851499,2020-10-04
\\SLB122E-01\Vidal-Gadea_lab\Ploy\10720_pezo-1 L.lif,.lif,2174931951,2020-10-07
\\SLB122E-01\Vidal-Gadea_lab\Ploy\92020_pezo.lif,.lif,260015825,2020-09-20
\\SLB122E-01\Vidal-Gadea_lab\Ploy\92420_pezo-1.lif,.lif,4334517293,2020-09-24
\\SLB122E-01\Vidal-Gadea_lab\Shifat\240108_AVG80_bGFP_sra6Mch.lif,.lif,549410907,2025-01-08
\\SLB122E-01\Vidal-Gadea_lab\Shifat\240119_AVG57_Braibow settings.lif,.lif,2525836719,2024-01-19
\\SLB122E-01\Vidal-Gadea_lab\Shifat\240123_AVG80_bGFP_sra6Mch.lif,.lif,1602822999,2025-03-27
\\SLB122E-01\Vidal-Gadea_lab\Shifat\240308_AVG57_Head.lif,.lif,2605463039,2024-03-08
\\SLB122E-01\Vidal-Gadea_lab\Shifat\240517_AVG57_Head.lif,.lif,1574436981,2024-05-17
\\SLB122E-01\Vidal-Gadea_lab\Shifat\240925_VG04xAVG39 did not work.lif,.lif,1227584153,2024-09-25
\\SLB122E-01\Vidal-Gadea_lab\Shifat\241002_AVG59_Test_vulva.lif,.lif,980373617,2024-02-10
\\SLB122E-01\Vidal-Gadea_lab\Shifat\241105_AVG59_Head.lif,.lif,4837766697,2024-11-05
\\SLB122E-01\Vidal-Gadea_lab\Shifat\241112_AVG59_Head.lif,.lif,2368840877,2024-09-12
\\SLB122E-01\Vidal-Gadea_lab\Shifat\241204_Light_VG04xAVG39.lif,.lif,8647800967,2025-03-27
\\SLB122E-01\Vidal-Gadea_lab\Shifat\241217_AVG39xVG04 cross check bad.lif,.lif,1606858539,2025-03-27
\\SLB122E-01\Vidal-Gadea_lab\Shifat\242709_AF_dys1RNAi_MScrlt Pezo_GFP E.lif,.lif,12687699,2024-10-09
\\SLB122E-01\Vidal-Gadea_lab\Shifat\242709_Light_VG04xAVG39.lif,.lif,2389666611,2025-03-27
\\SLB122E-01\Vidal-Gadea_lab\Shifat\250318_Xe2406xVG04_sra6-GFP_DYS-1-mch.lif,.lif,8743017523,2025-03-18
\\SLB122E-01\Vidal-Gadea_lab\Shifat\250423_VG04 dys1 mCh_BZ555 dat1 GFP.lif,.lif,2717393589,2025-04-23
\\SLB122E-01\Vidal-Gadea_lab\Shifat\250428_VG04 dys1 mCh_BZ555 dat1 GFP.lif,.lif,30286586755,2025-04-28
\\SLB122E-01\Vidal-Gadea_lab\Shifat\250430_CX3465xVG04_sra-6 GFP_DYS-1 mCh.lif,.lif,2459556249,2025-04-30
\\SLB122E-01\Vidal-Gadea_lab\Shifat\MOS88 Test.lif,.lif,1575333975,2025-03-11
\\SLB122E-01\Vidal-Gadea_lab\Shifat\Project001.lif,.lif,890061,2024-10-23
