"imaging_files","direct_files","path"
"1778","0","L:\02_Duchenne Muscular Dystrophy\Adina\AVG60_day5Adult\240526_AVG60_day5_1"
"1481","5","L:\10_AGVG LAB\Confocal E drive backup\Jessica\220607JA\E isoform"
"1448","42","L:\05_Proprioception\Adina\PEZO-1 data for MANUSCRIPT\AVG60 RNAi pezo-1\240301_AVG60_L4440"
"1334","4","L:\10_AGVG LAB\Confocal E drive backup\Jessica\220602JA"
"1152","36","L:\05_Proprioception\Adina\PEZO-1 data for MANUSCRIPT\AVG60 RNAi pezo-1\240509_AVG60_pezo-1"
"1152","36","L:\05_Proprioception\Adina\PEZO-1 data for MANUSCRIPT\to upload\Figure 9\Figure 9D\240509_AVG60_pezo-1"
"1116","36","L:\05_Proprioception\Adina\PEZO-1 data for MANUSCRIPT\to upload_converted\Figure 9\Figure 9D\240509_AVG60_pezo-1"
"1106","0","L:\02_Duchenne Muscular Dystrophy\Raw Data\Eggs\old"
"1024","0","L:\05_Proprioception\Adina\PEZO-1 data for MANUSCRIPT\AVG60 RNAi pezo-1\240924_AVG60_RNAi_pezo-1"
"1024","32","L:\05_Proprioception\Adina\PEZO-1 data for MANUSCRIPT\AVG60 RNAi pezo-1\240315_AVG60_L4440"
"1024","0","L:\05_Proprioception\Adina\PEZO-1 data for MANUSCRIPT\to upload\Figure 9\Figure 9D\240924_AVG60_RNAi_pezo-1"
"1024","32","L:\05_Proprioception\Adina\PEZO-1 data for MANUSCRIPT\to upload\Figure 9\Figure 9D\240315_AVG60_L4440"
"992","32","L:\05_Proprioception\Adina\PEZO-1 data for MANUSCRIPT\to upload_converted\Figure 9\Figure 9D\240315_AVG60_L4440"
"974","0","L:\02_Duchenne Muscular Dystrophy\Adina\Inverted scope"
"962","0","L:\05_Proprioception\Muscle growth paper"
"960","0","L:\05_Proprioception\Adina\PEZO-1 data for MANUSCRIPT\to upload_converted\Figure 9\Figure 9D\240924_AVG60_RNAi_pezo-1"
"942","0","L:\03_Magnetic Transduction\Aalimah\240815_MTX_intestine GFP"
"939","18","L:\02_Duchenne Muscular Dystrophy\Raw Data\Confocal images\2015_June\Andres 11-12-14 confocal"
"904","44","L:\02_Duchenne Muscular Dystrophy\Kiley\Raw data\Confocal\PNAS paper_100x health\171015_HKK5_CD5"
"904","44","L:\02_Duchenne Muscular Dystrophy\Manuscripts\JPS518 paper\data PNAS\100x health\171015_HKK5_CD5"
"896","28","L:\05_Proprioception\Adina\PEZO-1 data for MANUSCRIPT\AVG60 RNAi pezo-1\240509_AVG60_L4440_all tail"
"896","28","L:\05_Proprioception\Adina\PEZO-1 data for MANUSCRIPT\to upload\Figure 9\Figure 9D\240509_AVG60_L4440"
"868","28","L:\05_Proprioception\Adina\PEZO-1 data for MANUSCRIPT\to upload_converted\Figure 9\Figure 9D\240509_AVG60_L4440"
"835","0","L:\02_Duchenne Muscular Dystrophy\Danny\1_Skeletal muscle cells\PMCA\Caloxin 1b1 myoblasts"
"832","26","L:\05_Proprioception\Adina\PEZO-1 data for MANUSCRIPT\AVG60 RNAi pezo-1\240315_AVG60_pezo-1"
"832","26","L:\05_Proprioception\Adina\PEZO-1 data for MANUSCRIPT\to upload\Figure 9\Figure 9D\240315_AVG60_pezo-1"
"806","26","L:\05_Proprioception\Adina\PEZO-1 data for MANUSCRIPT\to upload_converted\Figure 9\Figure 9D\240315_AVG60_pezo-1"
"747","0","L:\05_Proprioception\Muscle growth paper\Muscle images"
"704","22","L:\05_Proprioception\Adina\PEZO-1 data for MANUSCRIPT\AVG60 RNAi pezo-1\240314_AVG60_L4440"
"704","22","L:\05_Proprioception\Adina\PEZO-1 data for MANUSCRIPT\to upload\Figure 9\Figure 9D\240314_AVG60_L4440"
"703","3","L:\05_Proprioception\Adina\PEZO-1 data for MANUSCRIPT\pezo-1 quant vm21 vs vm20 AND RNAi dys-1"
"696","0","L:\03_Magnetic Transduction\Aalimah\mars data for parallel experiment\Mars vs Earth GFP"
"682","0","L:\02_Duchenne Muscular Dystrophy\Adina\AVG60 larva 1\240521_AVG60_L1"
"682","22","L:\05_Proprioception\Adina\PEZO-1 data for MANUSCRIPT\to upload_converted\Figure 9\Figure 9D\240314_AVG60_L4440"
"640","20","L:\05_Proprioception\Adina\PEZO-1 data for MANUSCRIPT\AVG60 RNAi pezo-1\240314_AVG60_pezo-1"
"640","20","L:\05_Proprioception\Adina\PEZO-1 data for MANUSCRIPT\to upload\Figure 9\Figure 9D\240314_AVG60_pezo-1"
"632","0","L:\02_Duchenne Muscular Dystrophy\Raw Data\Eggs\old\AVG6"
"620","20","L:\05_Proprioception\Adina\PEZO-1 data for MANUSCRIPT\to upload_converted\Figure 9\Figure 9D\240314_AVG60_pezo-1"
"616","0","L:\05_Proprioception\Adina\PEZO-1 data for MANUSCRIPT\to upload\Figure 2\Muscles\GFP"
"610","29","L:\02_Duchenne Muscular Dystrophy\Adina\AVG60 crawl burrow swim\230224_AVG60_swim"
"576","0","L:\05_Proprioception\Adina\PEZO-1 data for MANUSCRIPT\to upload_converted\Figure 2\Muscles\GFP"
"558","0","L:\05_Proprioception\Adina\PEZO-1 data for MANUSCRIPT\to upload\Figure 2\Muscles\GFP\240906"
"553","0","L:\02_Duchenne Muscular Dystrophy\Danny\3_C. elegans\1_PMCA paper\mca2 L1 brightness"
"536","0","L:\02_Duchenne Muscular Dystrophy\Adina\AVG60 crawl burrow swim\AVG60\230227_AVG60"
"524","0","L:\05_Proprioception\Adina\PEZO-1 data for MANUSCRIPT\to upload_converted\Figure 2\Muscles\GFP\240906"
"506","0","L:\02_Duchenne Muscular Dystrophy\Raw Data\Eggs\Test"
"504","16","L:\02_Duchenne Muscular Dystrophy\Adina\RNAi AVG60\RNAi dys-1\230523_AVG60_L4440"
"502","0","L:\05_Proprioception\Adina\PEZO-1 data for MANUSCRIPT\pezo-1 quant vm21 vs vm20 AND RNAi dys-1\DONE"
"502","0","L:\05_Proprioception\Adina\PEZO-1 data for MANUSCRIPT\to upload\Figure 9\Figure 9C E"
"490","15","L:\03_Magnetic Transduction\Aalimah\240815_MTX_intestine GFP\Control"
"473","18","L:\02_Duchenne Muscular Dystrophy\Adina\AVG60 crawl burrow swim\230227_AVG60_swim"
"466","29","L:\02_Duchenne Muscular Dystrophy\Raw Data\Confocal images\170807_HKK5_CSD5"
"454","0","L:\02_Duchenne Muscular Dystrophy\Danny\1_Skeletal muscle cells\PMCA\shRNA PMCA1\fails"
"444","0","L:\02_Duchenne Muscular Dystrophy\Danny\1_Skeletal muscle cells\PMCA\PMCA IF myoblasts"
"441","0","L:\02_Duchenne Muscular Dystrophy\Adina\AVG60 crawl burrow swim\AVG60\230225_AVG60_swim"
"430","4","L:\02_Duchenne Muscular Dystrophy\Danny\1_Skeletal muscle cells\Basal calcium quantification"
"427","25","L:\02_Duchenne Muscular Dystrophy\Kiley\Raw data\Confocal\PNAS paper_100x health\170811_HKK5_CD5"
"427","25","L:\02_Duchenne Muscular Dystrophy\Manuscripts\JPS518 paper\data PNAS\100x health\170811_HKK5_CD5"
"399","0","L:\02_Duchenne Muscular Dystrophy\Raw Data\Eggs\old\AVG6\22319_AVG6"
"392","13","L:\03_Magnetic Transduction\Aalimah\240815_MTX_intestine GFP\Iron chelation"
"384","12","L:\05_Proprioception\Adina\PEZO-1 data for MANUSCRIPT\AVG60 RNAi pezo-1\240312_AVG60_pezo-1"
"383","8","L:\02_Duchenne Muscular Dystrophy\Adina\Adina_branching paper"
"380","10","L:\02_Duchenne Muscular Dystrophy\Adina\AVG60 crawl burrow swim\230529_AVG60_tail_crawl"
"380","0","L:\02_Duchenne Muscular Dystrophy\Adina\AVG60 crawl burrow swim\Tissue dissociation\240126_AVG60_crawl_tissue dissociation"
"361","0","L:\02_Duchenne Muscular Dystrophy\Adina\Adina_branching paper\branch count"
"360","0","L:\02_Duchenne Muscular Dystrophy\Adina\TF RNAi\Larva 4"
"356","0","L:\02_Duchenne Muscular Dystrophy\Adina\TF RNAi\dys-1 exprssn in midbody muscles Unc-62 RNAi\240213_Unc-62"
"351","2","L:\02_Duchenne Muscular Dystrophy\Danny\3_C. elegans\1_PMCA paper\Chs-1 RNAi- Hatching Time"
"345","0","L:\02_Duchenne Muscular Dystrophy\Raw Data\Confocal images\Andres 12-10-14 pics\Plates 8,9,10"
"342","0","L:\10_AGVG LAB\Confocal E drive backup\Jessica\220607JA\E isoform\Worm8"
"339","1","L:\05_Proprioception\Adina\PEZO-1 data for MANUSCRIPT\Figures for pezo-1 draft\Figure 1 PEZO localization"
"325","0","L:\02_Duchenne Muscular Dystrophy\Danny\1_Skeletal muscle cells\Basal calcium quantification\myoblasts"
"321","33","L:\02_Duchenne Muscular Dystrophy\Kiley\Raw data\Confocal\PNAS paper_100x health\171128_HKK5_CB3%D5"
"321","33","L:\02_Duchenne Muscular Dystrophy\Manuscripts\JPS518 paper\data PNAS\100x health\171128_HKK5_CB3%D5"
"317","0","L:\02_Duchenne Muscular Dystrophy\Raw Data\Eggs\Test\ZW495"
"315","27","L:\02_Duchenne Muscular Dystrophy\Kiley\Raw data\Confocal\PNAS paper_100x health\171130_HKK22_CB3%D5"
"315","27","L:\02_Duchenne Muscular Dystrophy\Manuscripts\JPS518 paper\data PNAS\100x health\171130_HKK22_CB3%D5"
"296","0","L:\02_Duchenne Muscular Dystrophy\Raw Data\Eggs\old\VG01(AVG7)"
"294","0","L:\10_AGVG LAB\Confocal E drive backup\Jessica\220602JA\Worm2"
"292","0","L:\02_Duchenne Muscular Dystrophy\Raw Data\Confocal images\AndresDys1-8-26-14"
"279","0","L:\05_Proprioception\Adina\PEZO-1 data for MANUSCRIPT\Figures for pezo-1 draft\Figure 1 PEZO localization\Pezo tail quant_images"
"262","0","L:\02_Duchenne Muscular Dystrophy\Raw Data\Confocal images\171101_HKK22_ISD1_100x"
"262","0","L:\02_Duchenne Muscular Dystrophy\Raw Data\Confocal images\PNAS draft\All the 100X\171101_HKK22_ISD1_100x"
"259","19","L:\02_Duchenne Muscular Dystrophy\Danny\3_C. elegans\1_PMCA paper\Egg Retention"
"257","0","L:\03_Magnetic Transduction\Aalimah\mars data for parallel experiment\Mars vs Earth GFP\gen 0"
"256","2","L:\02_Duchenne Muscular Dystrophy\Shifat\Brainbow"
"256","8","L:\05_Proprioception\Adina\PEZO-1 data for MANUSCRIPT\AVG60 RNAi pezo-1\240312_AVG60_L4440"
"250","1","L:\02_Duchenne Muscular Dystrophy\Adina\LASX"
"245","0","L:\02_Duchenne Muscular Dystrophy\Danny\1_Skeletal muscle cells\PMCA\Caloxin 1b1 myoblasts\colored photos"
"240","8","L:\02_Duchenne Muscular Dystrophy\Adina\AVG60 crawl burrow swim\230526_AVG60_tail_crawl"
"240","0","L:\10_AGVG LAB\Confocal E drive backup\Jessica\220602JA\Worm1"
"237","0","L:\05_Proprioception\Adina\PEZO-1 data for MANUSCRIPT\to upload_converted\Figure 9\Figure 9C E"
"222","1","L:\02_Duchenne Muscular Dystrophy\Danny\3_C. elegans\1_PMCA paper\Egg 3-Fold Brightness"
"221","1","L:\02_Duchenne Muscular Dystrophy\Danny\3_C. elegans\1_PMCA paper\D1 Adult Brightness"
"216","0","L:\10_AGVG LAB\Confocal E drive backup\Jessica\220607JA\E isoform\Worm1"
"215","20","L:\02_Duchenne Muscular Dystrophy\Adina\AVG60 crawl burrow swim\230504_AVG60_burrow"
"212","0","L:\02_Duchenne Muscular Dystrophy\Danny\4_Cloning\SnapGene_NoGood\Document"
"211","0","L:\02_Duchenne Muscular Dystrophy\Raw Data\Confocal images\171023_HKK5_Cb1pc_D3_100x"
"211","0","L:\02_Duchenne Muscular Dystrophy\Raw Data\Confocal images\PNAS draft\All the 100X\171023_HKK5_Cb1pc_D3_100x"
"209","0","L:\02_Duchenne Muscular Dystrophy\Raw Data\Eggs\42219_ZW495_pretzel"
"205","0","L:\02_Duchenne Muscular Dystrophy\Kiley\Raw data\Confocal\PNAS paper_100x health\171128_HKK5_CB3%D5_100x"
"205","0","L:\02_Duchenne Muscular Dystrophy\Manuscripts\JPS518 paper\data PNAS\100x health\171128_HKK5_CB3%D5_100x"
"198","0","L:\02_Duchenne Muscular Dystrophy\Kiley\Papers\Excercise Paper\burrow and crawl muscle health\171128_HKK5_CB3%D5_100x"
"198","0","L:\02_Duchenne Muscular Dystrophy\Raw Data\Confocal images\171128_HKK5_CB3%D5_100x"
"198","0","L:\02_Duchenne Muscular Dystrophy\Raw Data\Confocal images\PNAS draft\All the 100X\171128_HKK5_CB3%D5_100x"
"197","0","L:\02_Duchenne Muscular Dystrophy\Mackenzie\14) RGB Sequences\06.11.25\L4440 DAY 3 CRAWL 1 -done"
"197","43","L:\10_AGVG LAB\Confocal E drive backup\Danny"
"196","0","L:\02_Duchenne Muscular Dystrophy\Danny\4_Cloning\SnapGene_NoGood\Common\ProxyIcons"
"194","0","L:\02_Duchenne Muscular Dystrophy\Adina\AVG60 crawl burrow swim\AVG60\230227_AVG60_swim"
"189","0","L:\02_Duchenne Muscular Dystrophy\Raw Data\Eggs\Test\AVG6"
"189","0","L:\02_Duchenne Muscular Dystrophy\Shifat\Brainbow\AVG57 dys-1E\head"
"189","0","L:\02_Duchenne Muscular Dystrophy\Shifat\Brainbow\AVG57 dys-1E"
"187","0","L:\02_Duchenne Muscular Dystrophy\Raw Data\Confocal images\171110_HKK5_ISD5_100x"
"187","0","L:\02_Duchenne Muscular Dystrophy\Raw Data\Confocal images\PNAS draft\All the 100X\171110_HKK5_ISD5_100x"
"186","0","L:\02_Duchenne Muscular Dystrophy\Raw Data\Confocal images\180111_HKK5_IBD1_100x"
"186","0","L:\02_Duchenne Muscular Dystrophy\Raw Data\Confocal images\PNAS draft\All the 100X\180111_HKK5_IBD1_100x"
"183","0","L:\02_Duchenne Muscular Dystrophy\Raw Data\Confocal images\180109_HKK5_CB1%D1_100x"
"183","0","L:\02_Duchenne Muscular Dystrophy\Raw Data\Confocal images\171113_HKK5_IBD5_100x"
"183","0","L:\02_Duchenne Muscular Dystrophy\Raw Data\Confocal images\PNAS draft\All the 100X\180109_HKK5_CB1%D1_100x"
"183","0","L:\02_Duchenne Muscular Dystrophy\Raw Data\Confocal images\PNAS draft\All the 100X\171113_HKK5_IBD5_100x"
"182","1","L:\02_Duchenne Muscular Dystrophy\Danny\3_C. elegans\1_PMCA paper\Egg Hatching Time"
"181","0","L:\02_Duchenne Muscular Dystrophy\Mackenzie\14) RGB Sequences\06.25.25\AVG77 DYS1AJ DAY 1 CRAWL 3 - done"
"181","0","L:\02_Duchenne Muscular Dystrophy\Mackenzie\14) RGB Sequences\08.01.25\AVG77 DAY 1 CRAWL 3 - done"
"179","0","L:\05_Proprioception\Muscle growth paper\Images for database"
"178","0","L:\02_Duchenne Muscular Dystrophy\Raw Data\Eggs\42219_AVG6_pretzel"
"177","1","L:\02_Duchenne Muscular Dystrophy\Danny\1_Skeletal muscle cells\PMCA\shRNA PMCA1\fails\R01 250603 extra"
"176","0","L:\02_Duchenne Muscular Dystrophy\Raw Data\Confocal images\180111_HKK5_CSD3_100x"
"176","0","L:\02_Duchenne Muscular Dystrophy\Raw Data\Confocal images\PNAS draft\All the 100X\180111_HKK5_CSD3_100x"
"169","0","L:\02_Duchenne Muscular Dystrophy\Mackenzie\14) RGB Sequences\08.06.25\L4440 DAY 3 CRAWL 4"
"166","0","L:\02_Duchenne Muscular Dystrophy\Mackenzie\14) RGB Sequences\06.25.25\AVG77 DYS1AJ DAY 1 CRAWL 2 - reupload images"
"165","0","L:\02_Duchenne Muscular Dystrophy\Danny\1_Skeletal muscle cells\PMCA\Caloxin 1b1 myoblasts\extra"
"165","0","L:\02_Duchenne Muscular Dystrophy\Danny\1_Skeletal muscle cells\PMCA\shRNA PMCA1\R01"
"162","1","L:\02_Duchenne Muscular Dystrophy\Kiley\Raw data\Confocal\PNAS paper_100x health\171015_HKK5_CD5\worm 12"
"162","1","L:\02_Duchenne Muscular Dystrophy\Manuscripts\JPS518 paper\data PNAS\100x health\171015_HKK5_CD5\worm 12"
"160","1","L:\02_Duchenne Muscular Dystrophy\Danny\3_C. elegans\1_PMCA paper\L1 Brightness"
"158","0","L:\02_Duchenne Muscular Dystrophy\Raw Data\Confocal images\older confocal not in paper\180316_HKK5_CB6%D3"
"157","0","L:\02_Duchenne Muscular Dystrophy\Mackenzie\14) RGB Sequences\06.23.25\AVG77 L4440 DAY 1 CRAWL 1 - done"
"156","0","L:\02_Duchenne Muscular Dystrophy\Danny\3_C. elegans\1_PMCA paper\dTBC worm paralysis\dataset no good"
"156","0","L:\02_Duchenne Muscular Dystrophy\Raw Data\Confocal images\9918_N2_CBD5_Jc-9 AO"
"155","0","L:\02_Duchenne Muscular Dystrophy\Raw Data\Confocal images\171103_HKK22_ISD3_100x"
"155","0","L:\02_Duchenne Muscular Dystrophy\Raw Data\Confocal images\PNAS draft\All the 100X\171103_HKK22_ISD3_100x"
"153","18","L:\02_Duchenne Muscular Dystrophy\Adina\Dys expression_need to download"
"153","0","L:\03_Magnetic Transduction\'tope\Thermo"
"153","0","L:\03_Magnetic Transduction\Aalimah\mars data for parallel experiment\Mars vs Earth GFP\gen 2"
"152","0","L:\02_Duchenne Muscular Dystrophy\Raw Data\Confocal images\PNAS draft\All the 100X\171107_HKK5_ISD3_100x"
"152","0","L:\02_Duchenne Muscular Dystrophy\Raw Data\Confocal images\171107_HKK5_ISD3_100x"
"152","0","L:\10_AGVG LAB\Confocal E drive backup\Jessica\220602JA\Worm5"
"152","0","L:\10_AGVG LAB\Confocal E drive backup\Jessica\220602JA\Worm3"
"151","2","L:\02_Duchenne Muscular Dystrophy\Danny\1_Skeletal muscle cells\PMCA\shRNA PMCA1\fails\R06 wt only no puro 24h image"
"151","0","L:\02_Duchenne Muscular Dystrophy\Raw Data\Confocal images\older confocal not in paper\180316_HKK22_CB6%D3"
"150","0","L:\10_AGVG LAB\Confocal E drive backup\Jessica\220607JA\D-J isoforms\Worm3"
"150","0","L:\02_Duchenne Muscular Dystrophy\Raw Data\Anjelica\Andres calcium\Swimming"
"150","0","L:\10_AGVG LAB\Confocal E drive backup\Jessica\220607JA\E isoform\Worm3"
"150","0","L:\10_AGVG LAB\Confocal E drive backup\Jessica\220607JA\E isoform\Worm2"
"149","0","L:\02_Duchenne Muscular Dystrophy\Mackenzie\14) RGB Sequences\08.01.25\AVG77 DAY 1 CRAWL 2 - done"
"148","4","L:\02_Duchenne Muscular Dystrophy\Raw Data\Confocal images\AndresDys1-8-26-14\AndresDys1-9-4-14\JPS 570 plate"
"148","0","L:\02_Duchenne Muscular Dystrophy\Raw Data\Confocal images\AndresDys1-8-26-14\AndresDys1-9-4-14"
"147","0","L:\10_AGVG LAB\Confocal E drive backup\Jessica\220607JA\E isoform\Worm10"
"147","0","L:\10_AGVG LAB\Confocal E drive backup\Jessica\220607JA\E isoform\Worm6"
"145","0","L:\02_Duchenne Muscular Dystrophy\Adina\Inverted scope\221028 Pdys 1 BFG"
"144","0","L:\02_Duchenne Muscular Dystrophy\Adina\AVG60 crawl burrow swim\Tissue dissociation\240126_AVG60_crawl_tissue dissociation\muscle 21"
"144","0","L:\02_Duchenne Muscular Dystrophy\Raw Data\Confocal images\older confocal not in paper\081618_HKK22_antigfp"
"143","0","L:\03_Magnetic Transduction\Aalimah\mars data for parallel experiment\Mars vs Earth GFP\gen 4"
"143","0","L:\03_Magnetic Transduction\Aalimah\mars data for parallel experiment\Mars vs Earth GFP\GEN 6"
"141","0","L:\02_Duchenne Muscular Dystrophy\Adina\IBU\230425"
"141","0","L:\10_AGVG LAB\Confocal E drive backup\Jessica\220607JA\D-J isoforms\Worm1"
"141","0","L:\10_AGVG LAB\Confocal E drive backup\Jessica\220607JA\E isoform\Worm7"
"139","0","L:\02_Duchenne Muscular Dystrophy\Danny\3_C. elegans\1_PMCA paper\RNAi Ion Transport Genes\mca-2\dataset 3"
"139","0","L:\02_Duchenne Muscular Dystrophy\Raw Data\Confocal images\older confocal not in paper\11518_BZ33_IBD5"
"138","0","L:\02_Duchenne Muscular Dystrophy\Raw Data\Confocal images\171101_HKK5_ISD1_100x"
"138","0","L:\02_Duchenne Muscular Dystrophy\Raw Data\Confocal images\PNAS draft\All the 100X\171101_HKK5_ISD1_100x"
"138","0","L:\10_AGVG LAB\Confocal E drive backup\Jessica\220602JA\Worm8"
"137","0","L:\02_Duchenne Muscular Dystrophy\Danny\3_C. elegans\1_PMCA paper\Danny L1 Brightness Chs1 RNAi"
"137","0","L:\02_Duchenne Muscular Dystrophy\Mackenzie\14) RGB Sequences\08.01.25\AVG77 DAY 1 CRAWL 6 - DONE -mj"
"136","0","L:\02_Duchenne Muscular Dystrophy\Danny\3_C. elegans\2_mua-3 paper\fail datasets"
"136","0","L:\02_Duchenne Muscular Dystrophy\Raw Data\Eggs\old\Only pretzel"
"135","0","L:\02_Duchenne Muscular Dystrophy\Monica\Worm Tracker"
"134","0","L:\03_Magnetic Transduction\Raw Data\JEB behavior recordings\Behavioral Analysis Videos"
"134","0","L:\03_Magnetic Transduction\Raw Data\JEB behavior recordings"
"130","9","L:\02_Duchenne Muscular Dystrophy\Kiley\Raw data\Confocal\PNAS paper_100x health\171208_HKK22_CB3%D5"
"130","0","L:\02_Duchenne Muscular Dystrophy\Danny\3_C. elegans\1_PMCA paper\RNAi_ AVG6\Ion Movement Genes"
"130","13","L:\05_Proprioception\AMsh_Figures"
"130","9","L:\02_Duchenne Muscular Dystrophy\Manuscripts\JPS518 paper\data PNAS\100x health\171208_HKK22_CB3%D5"
"129","0","L:\02_Duchenne Muscular Dystrophy\Mackenzie\14) RGB Sequences\06.27.25\L4440 DAY 5 CRAWL 5 - done"
"129","0","L:\02_Duchenne Muscular Dystrophy\Monica\Worm Tracker\Monica\Kinematics"
"129","0","L:\02_Duchenne Muscular Dystrophy\Monica\Worm Tracker\Monica"
"126","0","L:\02_Duchenne Muscular Dystrophy\Raw Data\Confocal images\171029_HKK22_CB3pcD1_100x"
"126","0","L:\02_Duchenne Muscular Dystrophy\Raw Data\Confocal images\PNAS draft\All the 100X\171029_HKK22_CB3pcD1_100x"
"126","0","L:\02_Duchenne Muscular Dystrophy\Raw Data\Eggs\old\AVG6\3419_AVG6_HA"
"125","0","L:\02_Duchenne Muscular Dystrophy\Mackenzie\14) RGB Sequences\08.01.25\AVG77 DAY 1 CRAWL 5 - done"
"125","0","L:\02_Duchenne Muscular Dystrophy\Mackenzie\14) RGB Sequences\08.01.25\AVG77 DAY 1 CRAWL - DONE"
"125","0","L:\02_Duchenne Muscular Dystrophy\Raw Data\Confocal images\PNAS draft\All the 100X\171029_HKK5_CB3pcD1_100x"
"125","0","L:\02_Duchenne Muscular Dystrophy\Raw Data\Confocal images\171029_HKK5_CB3pcD1_100x"
"123","0","L:\02_Duchenne Muscular Dystrophy\Raw Data\Confocal images\PNAS draft\All the 100X\180113_HKK5_ISD5_100x"
"123","0","L:\02_Duchenne Muscular Dystrophy\Raw Data\Confocal images\180113_HKK5_ISD5_100x"
"123","0","L:\02_Duchenne Muscular Dystrophy\Danny\3_C. elegans\1_PMCA paper\RNAi Ion Transport Genes\mca-2\dataset 2"
"123","0","L:\10_AGVG LAB\Confocal E drive backup\Jessica\220607JA\E isoform\Worm9"
"123","0","L:\10_AGVG LAB\Confocal E drive backup\Jessica\220607JA\D-J isoforms\Worm2"
"123","0","L:\10_AGVG LAB\Confocal E drive backup\Jessica\220602JA\Worm6"
"120","0","L:\02_Duchenne Muscular Dystrophy\Raw Data\Eggs\old\AVG6\3419_AVG6_HA\Green"
"120","0","L:\10_AGVG LAB\Confocal E drive backup\Jessica\220602JA\Worm9"
"119","0","L:\02_Duchenne Muscular Dystrophy\Adina\Adina_branching paper\branch count\Crawling N2 day5"
"118","0","L:\03_Magnetic Transduction\'tope\Amsh-Gcamp\RNAi"
"116","0","L:\02_Duchenne Muscular Dystrophy\Adina\AVG60 crawl burrow swim\Tissue dissociation\240126_AVG60_crawl_tissue dissociation\muscle 22"
"116","0","L:\02_Duchenne Muscular Dystrophy\Adina\Inverted scope\221114 Pdys 1CI"
"115","0","L:\02_Duchenne Muscular Dystrophy\Adina\Worm length"
"114","1","L:\03_Magnetic Transduction\Aalimah\SLB253-03\OneDrive - IL State University\Documents"
"113","0","L:\02_Duchenne Muscular Dystrophy\Mackenzie\14) RGB Sequences\06.27.25\L4440 DAY 5 CRAWL 6 - done"
"113","0","L:\02_Duchenne Muscular Dystrophy\Raw Data\Confocal images\older confocal not in paper\180316_HKK5_CB6%D3\100x"
"112","0","L:\02_Duchenne Muscular Dystrophy\Danny\3_C. elegans\Nevyn_Calmodulin targets"
"112","0","L:\02_Duchenne Muscular Dystrophy\Adina\AVG60 crawl burrow swim\Swim vs Crawl Neuron"
"112","0","L:\02_Duchenne Muscular Dystrophy\Kiley\Raw data\Confocal\PNAS paper_100x health\171015_HKK5_CD5\BAD"
"112","0","L:\02_Duchenne Muscular Dystrophy\Raw Data\Confocal images\older confocal not in paper\180318_HKK5_CB6%D5"
"112","0","L:\02_Duchenne Muscular Dystrophy\Manuscripts\JPS518 paper\data PNAS\100x health\171015_HKK5_CD5\BAD"
"111","0","L:\02_Duchenne Muscular Dystrophy\Raw Data\Anjelica\Andres calcium\Crawling"
"110","16","L:\02_Duchenne Muscular Dystrophy\Adina\Dys expression_need to download\dys-1 isoform images"
"107","0","L:\02_Duchenne Muscular Dystrophy\Raw Data\Eggs\old\Only pretzel\AVG6\790 DIC"
"107","0","L:\02_Duchenne Muscular Dystrophy\Raw Data\Eggs\old\Only pretzel\AVG6"
"107","6","L:\10_AGVG LAB\09_Individual Folders\High School Students\Nick"
"106","0","L:\02_Duchenne Muscular Dystrophy\Danny\3_C. elegans\1_PMCA paper\mca2 L1 brightness\dataset 3"
"104","0","L:\02_Duchenne Muscular Dystrophy\Danny\3_C. elegans\1_PMCA paper\mca-1 400min brightness & qPCR"
"102","9","L:\02_Duchenne Muscular Dystrophy\Kiley\Raw data\Confocal\PNAS paper_100x health\171030_HKK5_CB3pcD5"
"102","0","L:\02_Duchenne Muscular Dystrophy\Danny\1_Skeletal muscle cells\PMCA\PMCA IF myoblasts\Unused or Wrong Concentration"
"102","9","L:\02_Duchenne Muscular Dystrophy\Manuscripts\JPS518 paper\data PNAS\100x health\171030_HKK5_CB3pcD5"
"102","0","L:\10_AGVG LAB\Confocal E drive backup\Jessica\220607JA\D-J isoforms\Worm4"
"102","0","L:\02_Duchenne Muscular Dystrophy\Raw Data\Confocal images\older confocal not in paper\180316_HKK22_CB6%D3\100x"
"101","10","L:\02_Duchenne Muscular Dystrophy\Danny\1_Skeletal muscle cells\Basal calcium quantification\Old Dataset Martin's scope"
"101","0","L:\02_Duchenne Muscular Dystrophy\Raw Data\Confocal images\180315_HKK5_CB6%D1_100x"
"101","0","L:\02_Duchenne Muscular Dystrophy\Raw Data\Confocal images\PNAS draft\All the 100X\180315_HKK5_CB6%D1_100x"
"100","0","L:\02_Duchenne Muscular Dystrophy\Adina\AVG60 crawl burrow swim\AVG60\230224_AVG60_swim"
"100","2","L:\02_Duchenne Muscular Dystrophy\Adina\TF RNAi\dys-1 exprssn in midbody muscles Unc-62 RNAi\240212_Unc-62\W7"
"100","2","L:\02_Duchenne Muscular Dystrophy\Adina\TF RNAi\dys-1 exprssn in midbody muscles Unc-62 RNAi\240213_L4440\W1"
"99","0","L:\02_Duchenne Muscular Dystrophy\Danny\3_C. elegans\1_PMCA paper\Egg Hatching Time\BZ33"
"98","0","L:\02_Duchenne Muscular Dystrophy\Danny\3_C. elegans\1_PMCA paper\Chs-1 RNAi- Hatching Time\BZ33 _Chs-1"
"98","2","L:\02_Duchenne Muscular Dystrophy\Adina\TF RNAi\dys-1 exprssn in midbody muscles Unc-62 RNAi\240213_Unc-62\W1"
"98","0","L:\02_Duchenne Muscular Dystrophy\Raw Data\Confocal images\PNAS draft\All the 100X\180315_HKK22_CB6%D1_100x"
"98","0","L:\02_Duchenne Muscular Dystrophy\Raw Data\Confocal images\180315_HKK22_CB6%D1_100x"
"96","1","L:\02_Duchenne Muscular Dystrophy\Danny\3_C. elegans\1_PMCA paper\Egg Retention\Data Set 1"
"96","0","L:\02_Duchenne Muscular Dystrophy\Raw Data\Confocal images\older confocal not in paper\180319_HKK22larvalout_CB6%"
"96","0","L:\10_AGVG LAB\Confocal E drive backup\Jessica\220602JA\Worm7"
"95","0","L:\02_Duchenne Muscular Dystrophy\Adina\AVG6 and ZW495\230415"
"95","0","L:\02_Duchenne Muscular Dystrophy\Adina\AVG6 and ZW495"
"94","48","L:\02_Duchenne Muscular Dystrophy\Raw Data\Confocal images\171101_HKK22_ISD1_100x\worm 1"
"94","3","L:\02_Duchenne Muscular Dystrophy\Mackenzie\1) CONFOCAL"
"94","48","L:\02_Duchenne Muscular Dystrophy\Raw Data\Confocal images\PNAS draft\All the 100X\171101_HKK22_ISD1_100x\worm 1"
"94","0","L:\02_Duchenne Muscular Dystrophy\Raw Data\Confocal images\older confocal not in paper\180321_HKK22_CB3%D3\100x"
"93","0","L:\02_Duchenne Muscular Dystrophy\Kiley\Raw data\Confocal\PNAS paper_100x health\171030_HKK22_CB3pc_D5_100x"
"93","0","L:\02_Duchenne Muscular Dystrophy\Kiley\Raw data\Confocal\PNAS paper_100x health\180221_HKK22_CD5_100x"
"93","0","L:\02_Duchenne Muscular Dystrophy\Adina\Inverted scope\221031 Pdys 1B"
"93","0","L:\02_Duchenne Muscular Dystrophy\Kiley\Papers\Excercise Paper\burrow and crawl muscle health\180221_HKK22_CD5_100x"
"93","0","L:\02_Duchenne Muscular Dystrophy\Raw Data\Confocal images\180221_HKK22_CD5_100x"
"93","0","L:\02_Duchenne Muscular Dystrophy\Raw Data\Confocal images\PNAS draft\All the 100X\180221_HKK22_CD5_100x"
"93","0","L:\02_Duchenne Muscular Dystrophy\Manuscripts\JPS518 paper\data PNAS\100x health\171030_HKK22_CB3pc_D5_100x"
"93","0","L:\02_Duchenne Muscular Dystrophy\Manuscripts\JPS518 paper\data PNAS\100x health\180221_HKK22_CD5_100x"
"92","0","L:\02_Duchenne Muscular Dystrophy\Raw Data\Confocal images\171030_HKK22_CB3pc_D5_100x"
"92","0","L:\02_Duchenne Muscular Dystrophy\Kiley\Papers\Excercise Paper\burrow and crawl muscle health\171030_HKK22_CB3pc_D5_100x"
"92","0","L:\02_Duchenne Muscular Dystrophy\Danny\4_Cloning\SnapGene_NoGood\Document\FeaturesView"
"92","46","L:\02_Duchenne Muscular Dystrophy\Raw Data\Confocal images\171101_HKK22_ISD1_100x\worm 2"
"92","0","L:\02_Duchenne Muscular Dystrophy\Raw Data\Eggs\old\VG01(AVG7)\011119_VG01"
"92","46","L:\02_Duchenne Muscular Dystrophy\Raw Data\Confocal images\PNAS draft\All the 100X\171101_HKK22_ISD1_100x\worm 2"
"92","0","L:\02_Duchenne Muscular Dystrophy\Raw Data\Confocal images\PNAS draft\All the 100X\171030_HKK22_CB3pc_D5_100x"
"91","0","L:\02_Duchenne Muscular Dystrophy\Adina\Inverted scope\Zeiss"
"90","0","L:\02_Duchenne Muscular Dystrophy\Danny\1_Skeletal muscle cells\PMCA\shRNA PMCA1\R03"
"90","0","L:\02_Duchenne Muscular Dystrophy\Danny\1_Skeletal muscle cells\PMCA\Caloxin 1b1 myoblasts\R01"
"90","0","L:\02_Duchenne Muscular Dystrophy\Raw Data\Confocal images\180214_HKK22_LarvalBurrow"
"90","0","L:\02_Duchenne Muscular Dystrophy\Danny\4_Cloning\SnapGene_NoGood\Document\FeaturesView\directionalityIcons"
"89","0","L:\02_Duchenne Muscular Dystrophy\Adina\TF RNAi\Adult day 1"
"89","0","L:\02_Duchenne Muscular Dystrophy\Danny\3_C. elegans\1_PMCA paper\Brightness vs Movement\ZW495\Data Set 2"
"88","0","L:\02_Duchenne Muscular Dystrophy\Adina\Adina_branching paper\branch count\Swimming two-generation N2 day1"
"87","0","L:\02_Duchenne Muscular Dystrophy\Raw Data\Confocal images\older confocal not in paper\081618_HKK22_antigfp\worm 2"
"86","0","L:\02_Duchenne Muscular Dystrophy\Danny\3_C. elegans\1_PMCA paper\Brightness vs Movement\ZW495\Data Set 1"
"86","0","L:\02_Duchenne Muscular Dystrophy\Danny\3_C. elegans\1_PMCA paper\Danny L1 Brightness Chs1 RNAi\OLD L1 Brightness- Chs-1 RNAi"
"85","0","L:\02_Duchenne Muscular Dystrophy\Danny\1_Skeletal muscle cells\PMCA\Caloxin 1b1 myoblasts\R03"
"85","0","L:\02_Duchenne Muscular Dystrophy\Danny\3_C. elegans\1_PMCA paper\Chs-1 RNAi- Hatching Time\N2_Chs-1"
"84","0","L:\02_Duchenne Muscular Dystrophy\Danny\3_C. elegans\1_PMCA paper\Chs-1 RNAi- Hatching Time\N2_L4440"
"84","0","L:\02_Duchenne Muscular Dystrophy\Kiley\Egg project\Figures"
"83","0","L:\02_Duchenne Muscular Dystrophy\Raw Data\Confocal images\PNAS draft\112318_N2_CD5_20x muscle size"
"83","0","L:\02_Duchenne Muscular Dystrophy\Kiley\Papers\Excercise Paper\burrow and crawl muscle health\112318_N2_CD5_20x muscle size"
"83","0","L:\05_Proprioception\Adina\PEZO-1 data for MANUSCRIPT\to upload\Figure 2\Muscles\L4440\240903"
"83","0","L:\03_Magnetic Transduction\'tope\Thermo\4-22-25"
"82","0","L:\02_Duchenne Muscular Dystrophy\Danny\3_C. elegans\1_PMCA paper\mca2 L1 brightness\bad dataset"
"82","0","L:\02_Duchenne Muscular Dystrophy\Danny\3_C. elegans\1_PMCA paper\Chs-1 RNAi- Hatching Time\BZ33_L4440"
"82","0","L:\02_Duchenne Muscular Dystrophy\Adina\Adina_branching paper\branch count\Crawling two-generation N2 day1"
"82","1","L:\02_Duchenne Muscular Dystrophy\Manuscripts\JPS518 paper\data PNAS\100x health\171015_HKK5_CD5\worm 10"
"82","1","L:\02_Duchenne Muscular Dystrophy\Kiley\Raw data\Confocal\PNAS paper_100x health\171015_HKK5_CD5\worm 10"
"82","0","L:\02_Duchenne Muscular Dystrophy\Danny\3_C. elegans\1_PMCA paper\mca2 L1 brightness\dataset 2"
"81","1","L:\02_Duchenne Muscular Dystrophy\Danny\1_Skeletal muscle cells\PMCA\Caloxin 1b1 myoblasts\R02"
"81","0","L:\02_Duchenne Muscular Dystrophy\Adina\Inverted scope\221103 Pdys 1B"
"81","0","L:\02_Duchenne Muscular Dystrophy\Adina\AVG6 and ZW495\230415\Before swim test"
"81","0","L:\02_Duchenne Muscular Dystrophy\Danny\3_C. elegans\1_PMCA paper\New L1 Brightness"
"81","0","L:\02_Duchenne Muscular Dystrophy\Danny\3_C. elegans\1_PMCA paper\Egg Hatching Time\N2"
"81","0","L:\02_Duchenne Muscular Dystrophy\Danny\1_Skeletal muscle cells\Steroids\myoblasts\R01"
"80","0","L:\02_Duchenne Muscular Dystrophy\Danny\1_Skeletal muscle cells\PMCA\Caloxin 1b1 myoblasts\R05"
"80","0","L:\02_Duchenne Muscular Dystrophy\Danny\1_Skeletal muscle cells\PMCA\Caloxin 1b1 myoblasts\R04"
"80","2","L:\02_Duchenne Muscular Dystrophy\Adina\TF RNAi\dys-1 exprssn in midbody muscles Unc-62 RNAi\240212_Unc-62\W5"
"80","0","L:\02_Duchenne Muscular Dystrophy\Danny\1_Skeletal muscle cells\PMCA\shRNA PMCA1\R04"
"80","0","L:\05_Proprioception\Adina\PEZO-1 data for MANUSCRIPT\to upload_converted\Figure 4 5 6"
"80","0","L:\05_Proprioception\Adina\PEZO-1 data for MANUSCRIPT\to upload_converted\Figure 3 5"
"80","0","L:\02_Duchenne Muscular Dystrophy\Raw Data\Confocal images\PNAS draft\ortho"
"79","0","L:\02_Duchenne Muscular Dystrophy\Danny\3_C. elegans\1_PMCA paper\Brightness vs Movement\ZW495\Early timepoints"
"78","0","L:\02_Duchenne Muscular Dystrophy\Adina\Inverted scope\221109 Pdys 1BFG"
"78","2","L:\02_Duchenne Muscular Dystrophy\Adina\TF RNAi\dys-1 exprssn in midbody muscles Unc-62 RNAi\240212_Unc-62\W10"
"78","2","L:\02_Duchenne Muscular Dystrophy\Adina\TF RNAi\dys-1 exprssn in midbody muscles Unc-62 RNAi\240213_Unc-62\W3"
"77","0","L:\02_Duchenne Muscular Dystrophy\Adina\Inverted scope\221026 Pdys 1 BFG (2)"
"77","0","L:\02_Duchenne Muscular Dystrophy\Danny\3_C. elegans\1_PMCA paper\RNAi Ion Transport Genes\mca-2\dataset 4"
"77","4","L:\02_Duchenne Muscular Dystrophy\Raw Data\Confocal images\AndresDys1-8-26-14\JPS 518 - crawling"
"76","1","L:\02_Duchenne Muscular Dystrophy\Adina\AVG60 crawl burrow swim\AVG60\230227_AVG60_swim\W1A1_m3"
"76","0","L:\02_Duchenne Muscular Dystrophy\Danny\3_C. elegans\1_PMCA paper\mca2 L1 brightness\dataset 6"
"76","0","L:\02_Duchenne Muscular Dystrophy\Danny\3_C. elegans\1_PMCA paper\RNAi_ AVG6\Force Generating Genes\Cmd-1"
"75","0","L:\02_Duchenne Muscular Dystrophy\Danny\3_C. elegans\2_mua-3 paper\fail datasets\R01"
"75","0","L:\05_Proprioception\Adina\PEZO-1 data for MANUSCRIPT\to upload_converted\Figure 2\Muscles\L4440\240903"
"74","0","L:\02_Duchenne Muscular Dystrophy\Danny\1_Skeletal muscle cells\Steroids\myoblasts\R02"
"74","4","L:\02_Duchenne Muscular Dystrophy\Adina\Dys expression_need to download\dys-1 isoform images\Poster figures"
"74","0","L:\02_Duchenne Muscular Dystrophy\Danny\4_Cloning\SnapGene_NoGood\Document\PrimersView"
"74","0","L:\02_Duchenne Muscular Dystrophy\Danny\3_C. elegans\1_PMCA paper\mca2 L1 brightness\dataset 5"
"73","0","L:\02_Duchenne Muscular Dystrophy\Danny\3_C. elegans\1_PMCA paper\Egg 3-Fold Brightness\Data Set 5"
"73","0","L:\02_Duchenne Muscular Dystrophy\Adina\Inverted scope\221108 Pdys 1B"
"73","1","L:\02_Duchenne Muscular Dystrophy\Manuscripts\JPS518 paper\data PNAS\100x health\171015_HKK5_CD5\worm 2"
"73","1","L:\02_Duchenne Muscular Dystrophy\Kiley\Raw data\Confocal\PNAS paper_100x health\171015_HKK5_CD5\worm 2"
"72","0","L:\02_Duchenne Muscular Dystrophy\Danny\1_Skeletal muscle cells\PMCA\PMCA IF myoblasts\R03"
"72","0","L:\02_Duchenne Muscular Dystrophy\Danny\1_Skeletal muscle cells\PMCA\PMCA IF myoblasts\R04"
"72","0","L:\02_Duchenne Muscular Dystrophy\Danny\1_Skeletal muscle cells\PMCA\PMCA IF myoblasts\R05"
"72","2","L:\02_Duchenne Muscular Dystrophy\Adina\AVG60 crawl burrow swim\Tissue dissociation\240126_AVG60_crawl_tissue dissociation\muscle 21\bottom muscle 21"
"72","2","L:\02_Duchenne Muscular Dystrophy\Adina\AVG60 crawl burrow swim\Tissue dissociation\240126_AVG60_crawl_tissue dissociation\muscle 21\top muscle 21"
"72","0","L:\02_Duchenne Muscular Dystrophy\Danny\1_Skeletal muscle cells\PMCA\PMCA IF myoblasts\R02"
"72","0","L:\02_Duchenne Muscular Dystrophy\Raw Data\Confocal images\180115_HKK22_ISD5_100x"
"72","0","L:\02_Duchenne Muscular Dystrophy\Raw Data\Confocal images\PNAS draft\All the 100X\180115_HKK22_ISD5_100x\worm 1"
"72","0","L:\02_Duchenne Muscular Dystrophy\Raw Data\Confocal images\PNAS draft\All the 100X\180115_HKK22_ISD5_100x"
"72","0","L:\02_Duchenne Muscular Dystrophy\Danny\4_Cloning\SnapGene_NoGood\Document\PrimersView\directionalityIcons"
"72","0","L:\02_Duchenne Muscular Dystrophy\Mackenzie\12) Practice Recordings\AVG77 RECORDINGS - OLD\AVG77\OLD\AVG77 DAY 3"
"72","0","L:\02_Duchenne Muscular Dystrophy\Raw Data\Confocal images\180115_HKK22_ISD5_100x\worm 1"
"71","0","L:\02_Duchenne Muscular Dystrophy\Kiley\Raw data\Confocal\PNAS paper_100x health\171128_HKK5_CB3%D5_100x\w1"
"71","0","L:\02_Duchenne Muscular Dystrophy\Kiley\Raw data\Confocal\PNAS paper_100x health\171128_HKK5_CB3%D5_100x\w2"
"71","0","L:\02_Duchenne Muscular Dystrophy\Kiley\Papers\Excercise Paper\burrow and crawl muscle health\171128_HKK5_CB3%D5_100x\w1"
"71","0","L:\02_Duchenne Muscular Dystrophy\Danny\3_C. elegans\1_PMCA paper\mca2 L1 brightness\dataset 4"
"71","0","L:\02_Duchenne Muscular Dystrophy\Danny\3_C. elegans\2_mua-3 paper\fail datasets\R01\brightness"
"71","0","L:\02_Duchenne Muscular Dystrophy\Manuscripts\JPS518 paper\data PNAS\100x health\171128_HKK5_CB3%D5_100x\w1"
"71","0","L:\02_Duchenne Muscular Dystrophy\Raw Data\Confocal images\PNAS draft\All the 100X\171128_HKK5_CB3%D5_100x\w1"
"71","0","L:\02_Duchenne Muscular Dystrophy\Raw Data\Confocal images\PNAS draft\All the 100X\180108_HKK5_ISD3_100x\worm 3"
"71","0","L:\02_Duchenne Muscular Dystrophy\Raw Data\Confocal images\180108_HKK5_ISD3_100x\worm 3"
"71","0","L:\02_Duchenne Muscular Dystrophy\Manuscripts\JPS518 paper\data PNAS\100x health\171128_HKK5_CB3%D5_100x\w2"
"71","0","L:\02_Duchenne Muscular Dystrophy\Raw Data\Confocal images\171128_HKK5_CB3%D5_100x\w1"
"70","0","L:\02_Duchenne Muscular Dystrophy\Danny\1_Skeletal muscle cells\PMCA\shRNA PMCA1\R05"
"70","2","L:\02_Duchenne Muscular Dystrophy\Adina\TF RNAi\dys-1 exprssn in midbody muscles Unc-62 RNAi\240212_Unc-62\W4"
"70","0","L:\02_Duchenne Muscular Dystrophy\Danny\3_C. elegans\1_PMCA paper\FACS sorting"
"70","6","L:\02_Duchenne Muscular Dystrophy\Manuscripts\JPS518 paper\data PNAS\100x health\171030_HKK22_CB3pcD5"
"70","6","L:\02_Duchenne Muscular Dystrophy\Kiley\Raw data\Confocal\PNAS paper_100x health\171030_HKK22_CB3pcD5"
"69","0","L:\02_Duchenne Muscular Dystrophy\Danny\3_C. elegans\1_PMCA paper\Brightness vs Movement\ZW495\Data Set 3"
"69","0","L:\02_Duchenne Muscular Dystrophy\Adina\Inverted scope\221027 Pdys 1 B"
"69","46","L:\02_Duchenne Muscular Dystrophy\Raw Data\Confocal images\Andres 12-10-14 pics\Plates 8,9,10\Image 37 tail"
"69","0","L:\02_Duchenne Muscular Dystrophy\Mackenzie\14) RGB Sequences\08.01.25\AVG77 DAY 1 CRAWL 1 - done"
"68","0","L:\02_Duchenne Muscular Dystrophy\Danny\3_C. elegans\1_PMCA paper\RNAi_ AVG6\Force Generating Genes\sgn-1"
"68","0","L:\02_Duchenne Muscular Dystrophy\Adina\Adina_branching paper\branch count\Crawling BZ33 day5"
"68","0","L:\03_Magnetic Transduction\Raw Data\JEB behavior recordings\Behavioral Analysis Videos\MAGNETIC"
"68","0","L:\03_Magnetic Transduction\Aalimah\Aalimah pics"
"67","0","L:\02_Duchenne Muscular Dystrophy\Danny\3_C. elegans\1_PMCA paper\RNAi_ AVG6\Ion Movement Genes\sca-1"
"67","0","L:\02_Duchenne Muscular Dystrophy\Danny\3_C. elegans\1_PMCA paper\RNAi_ AVG6\Force Generating Genes\dyb-1"
"67","0","L:\02_Duchenne Muscular Dystrophy\Danny\3_C. elegans\1_PMCA paper\Brightness vs Movement\ZW495\Data Set 4"
"67","0","L:\02_Duchenne Muscular Dystrophy\Raw Data\Eggs\old\VG01(AVG7)\021319_VG01_timed"
"67","43","L:\02_Duchenne Muscular Dystrophy\Raw Data\Confocal images\PNAS draft\Burrowing muscle size\91018_N2_CBD5_phalloidin\w2"
"67","5","L:\02_Duchenne Muscular Dystrophy\Raw Data\Confocal images\AndresDys1-8-26-14\JPS 518 - burrowing 1"
"66","0","L:\02_Duchenne Muscular Dystrophy\Danny\3_C. elegans\1_PMCA paper\Brightness vs Movement\ZW495\Data Set 5"
"66","0","L:\02_Duchenne Muscular Dystrophy\Raw Data\Confocal images\171113_HKK5_IBD5_100x\w2"
"66","2","L:\02_Duchenne Muscular Dystrophy\Adina\AVG60 crawl burrow swim\Tissue dissociation\240126_AVG60_crawl_tissue dissociation\muscle 20"
"66","0","L:\02_Duchenne Muscular Dystrophy\Adina\IBU\230425\pics after"
"66","0","L:\02_Duchenne Muscular Dystrophy\Raw Data\Confocal images\PNAS draft\All the 100X\180111_HKK5_IBD1_100x\w1"
"66","0","L:\03_Magnetic Transduction\'tope\Thermo\4-25-25"
"66","0","L:\02_Duchenne Muscular Dystrophy\Raw Data\Confocal images\180111_HKK5_IBD1_100x\w1"
"66","0","L:\02_Duchenne Muscular Dystrophy\Raw Data\Confocal images\PNAS draft\All the 100X\171113_HKK5_IBD5_100x\w2"
"65","0","L:\02_Duchenne Muscular Dystrophy\Mackenzie\14) RGB Sequences\08.01.25\AVG77 DAY 1 CRAWL 7"
"65","0","L:\02_Duchenne Muscular Dystrophy\Danny\3_C. elegans\1_PMCA paper\RNAi_ AVG6\Force Generating Genes\lam-1"
"65","1","L:\02_Duchenne Muscular Dystrophy\Danny\1_Skeletal muscle cells\DMD shRNA"
"65","0","L:\02_Duchenne Muscular Dystrophy\Raw Data\Confocal images\171110_HKK5_ISD5_100x\w2"
"65","0","L:\02_Duchenne Muscular Dystrophy\Raw Data\Confocal images\PNAS draft\All the 100X\180109_HKK5_CB1%D1_100x\w3"
"65","0","L:\02_Duchenne Muscular Dystrophy\Raw Data\Confocal images\PNAS draft\All the 100X\171110_HKK5_ISD5_100x\w2"
"65","0","L:\02_Duchenne Muscular Dystrophy\Raw Data\Confocal images\180109_HKK5_CB1%D1_100x\w3"
"64","0","L:\02_Duchenne Muscular Dystrophy\Manuscripts\JPS518 paper\data PNAS\100x health\171015_HKK5_CD5\worm 13"
"64","40","L:\02_Duchenne Muscular Dystrophy\Raw Data\Anjelica\Larval\ZW495_CrawlCa2"
"64","0","L:\02_Duchenne Muscular Dystrophy\Kiley\Raw data\Confocal\PNAS paper_100x health\171015_HKK5_CD5\worm 13"
"64","0","L:\02_Duchenne Muscular Dystrophy\Danny\3_C. elegans\1_PMCA paper\RNAi Ion Transport Genes\mca-2\dataset 1"
"64","0","L:\02_Duchenne Muscular Dystrophy\Kiley\Papers\Excercise Paper\burrow and crawl muscle health\171128_HKK5_CB3%D5_100x\w2"
"64","0","L:\02_Duchenne Muscular Dystrophy\Raw Data\Confocal images\171110_HKK5_ISD5_100x\w1"
"64","0","L:\02_Duchenne Muscular Dystrophy\Raw Data\Confocal images\PNAS draft\All the 100X\171128_HKK5_CB3%D5_100x\w2"
"64","0","L:\02_Duchenne Muscular Dystrophy\Raw Data\Confocal images\PNAS draft\All the 100X\180113_HKK5_ISD5_100x\worm 2"
"64","0","L:\02_Duchenne Muscular Dystrophy\Raw Data\Confocal images\PNAS draft\All the 100X\171110_HKK5_ISD5_100x\w1"
"64","0","L:\02_Duchenne Muscular Dystrophy\Raw Data\Confocal images\171128_HKK5_CB3%D5_100x\w2"
"64","0","L:\02_Duchenne Muscular Dystrophy\Raw Data\Confocal images\180113_HKK5_ISD5_100x\worm 2"
"63","0","L:\02_Duchenne Muscular Dystrophy\Kiley\Raw data\Confocal\PNAS paper_100x health\171128_HKK5_CB3%D5_100x\w3"
"63","0","L:\02_Duchenne Muscular Dystrophy\Manuscripts\JPS518 paper\data PNAS\100x health\171128_HKK5_CB3%D5_100x\w3"
"63","0","L:\02_Duchenne Muscular Dystrophy\Raw Data\Confocal images\171128_HKK5_CB3%D5_100x\w3"
"63","0","L:\02_Duchenne Muscular Dystrophy\Kiley\Papers\Excercise Paper\burrow and crawl muscle health\171128_HKK5_CB3%D5_100x\w3"
"63","0","L:\02_Duchenne Muscular Dystrophy\Danny\1_Skeletal muscle cells\PMCA\shRNA PMCA1\fails\fail 1"
"63","0","L:\02_Duchenne Muscular Dystrophy\Danny\1_Skeletal muscle cells\PMCA\shRNA PMCA1\fails\fail 2"
"63","0","L:\02_Duchenne Muscular Dystrophy\Danny\3_C. elegans\1_PMCA paper\RNAi_ AVG6\Ion Movement Genes\Slo-1"
"63","0","L:\02_Duchenne Muscular Dystrophy\Raw Data\Confocal images\PNAS draft\All the 100X\171128_HKK5_CB3%D5_100x\w3"
"63","0","L:\02_Duchenne Muscular Dystrophy\Raw Data\Eggs\old\AVG6\22719_AVG6_HA"
"63","0","L:\03_Magnetic Transduction\Manuscripts"
"63","42","L:\02_Duchenne Muscular Dystrophy\Raw Data\Confocal images\Andres 12-10-14 pics\Plates 8,9,10\Image 35 tail"
"63","42","L:\02_Duchenne Muscular Dystrophy\Raw Data\Confocal images\2015_June\Andres 11-12-14 confocal\1 - worm2"
"63","42","L:\02_Duchenne Muscular Dystrophy\Raw Data\Confocal images\2015_June\Andres 11-12-14 confocal\1 - worm3"
"63","42","L:\02_Duchenne Muscular Dystrophy\Raw Data\Confocal images\Andres 12-10-14 pics\Plates 8,9,10\Image 33 tail"
"62","0","L:\02_Duchenne Muscular Dystrophy\Danny\3_C. elegans\1_PMCA paper\Brightness vs Movement\AVG6\Data Set 1"
"62","0","L:\02_Duchenne Muscular Dystrophy\Danny\3_C. elegans\1_PMCA paper\mca2 L1 brightness\dataset 1"
"62","1","L:\02_Duchenne Muscular Dystrophy\Adina\AVG60 crawl burrow swim\AVG60\230225_AVG60_swim\W4A1_m3"
"62","2","L:\02_Duchenne Muscular Dystrophy\Adina\TF RNAi\dys-1 exprssn in midbody muscles Unc-62 RNAi\240213_Unc-62\W4"
"62","0","L:\02_Duchenne Muscular Dystrophy\Raw Data\Confocal images\PNAS draft\All the 100X\180109_HKK5_CB1%D1_100x\w2"
"62","0","L:\02_Duchenne Muscular Dystrophy\Raw Data\Confocal images\PNAS draft\All the 100X\180111_HKK5_IBD1_100x\w2"
"62","0","L:\02_Duchenne Muscular Dystrophy\Raw Data\Confocal images\180109_HKK5_CB1%D1_100x\w2"
"62","0","L:\02_Duchenne Muscular Dystrophy\Raw Data\Confocal images\180111_HKK5_IBD1_100x\w2"
"61","0","L:\02_Duchenne Muscular Dystrophy\Danny\3_C. elegans\2_mua-3 paper\fail datasets\R02\brightness"
"61","0","L:\02_Duchenne Muscular Dystrophy\Danny\3_C. elegans\1_PMCA paper\RNAi_ AVG6\Force Generating Genes\dgn-1"
"61","30","L:\02_Duchenne Muscular Dystrophy\Erinda\OP50 2-20-23 Swiming\Pred BZ 2 T = 1"
"61","0","L:\02_Duchenne Muscular Dystrophy\Danny\3_C. elegans\2_mua-3 paper\fail datasets\R02"
"60","40","L:\02_Duchenne Muscular Dystrophy\Raw Data\Confocal images\2015_June\Andres 11-12-14 confocal\1 - worm4"
"60","40","L:\02_Duchenne Muscular Dystrophy\Raw Data\Confocal images\2015_June\Andres 11-12-14 confocal\1 - worm6"
"60","0","L:\02_Duchenne Muscular Dystrophy\Raw Data\Confocal images\180315_HKK22_CB3%D1_100x\w1"
"60","0","L:\02_Duchenne Muscular Dystrophy\Danny\1_Skeletal muscle cells\Basal calcium quantification\myoblasts\R01"
"60","0","L:\02_Duchenne Muscular Dystrophy\Raw Data\Confocal images\180111_HKK5_CSD3_100x\worm 2"
"60","40","L:\02_Duchenne Muscular Dystrophy\Raw Data\Confocal images\Andres 12-10-14 pics\Plates 8,9,10\Image 31 tail"
"60","0","L:\03_Magnetic Transduction\Aalimah\240815_MTX_intestine GFP\Mars Gen 0 Rerun"
"60","0","L:\05_Proprioception\Adina\PEZO-1 data for MANUSCRIPT\to upload_converted\Figure 7"
"60","0","L:\02_Duchenne Muscular Dystrophy\Raw Data\Eggs\old\VG01(AVG7)\022019_VG01"
"60","0","L:\02_Duchenne Muscular Dystrophy\Raw Data\Confocal images\PNAS draft\All the 100X\180111_HKK5_CSD3_100x\worm 2"
"60","0","L:\02_Duchenne Muscular Dystrophy\Raw Data\Confocal images\PNAS draft\All the 100X\180315_HKK22_CB3%D1_100x\w1"
"59","0","L:\02_Duchenne Muscular Dystrophy\Manuscripts\JPS518 paper\data PNAS\100x health\171015_HKK5_CD5\worm 5"
"59","0","L:\02_Duchenne Muscular Dystrophy\Raw Data\Confocal images\171113_HKK5_IBD5_100x\w1"
"59","0","L:\02_Duchenne Muscular Dystrophy\Kiley\Raw data\Confocal\PNAS paper_100x health\171015_HKK5_CD5\worm 5"
"59","12","L:\02_Duchenne Muscular Dystrophy\Adina\GCaMP_need to download"
"59","0","L:\02_Duchenne Muscular Dystrophy\Danny\3_C. elegans\1_PMCA paper\Brightness vs Movement\AVG6\Data Set 4"
"59","0","L:\02_Duchenne Muscular Dystrophy\Raw Data\Confocal images\PNAS draft\All the 100X\180111_HKK5_CSD3_100x\worm 3"
"59","0","L:\02_Duchenne Muscular Dystrophy\Raw Data\Confocal images\PNAS draft\All the 100X\180113_HKK5_ISD5_100x\worm 1"
"59","0","L:\02_Duchenne Muscular Dystrophy\Raw Data\Confocal images\PNAS draft\All the 100X\171113_HKK5_IBD5_100x\w1"
"59","0","L:\02_Duchenne Muscular Dystrophy\Raw Data\Confocal images\180111_HKK5_CSD3_100x\worm 3"
"59","0","L:\02_Duchenne Muscular Dystrophy\Raw Data\Confocal images\180113_HKK5_ISD5_100x\worm 1"
"58","2","L:\02_Duchenne Muscular Dystrophy\Adina\TF RNAi\dys-1 exprssn in midbody muscles Unc-62 RNAi\240212_L4440\W11"
"58","0","L:\02_Duchenne Muscular Dystrophy\Raw Data\Confocal images\171110_HKK5_ISD5_100x\w3"
"58","0","L:\02_Duchenne Muscular Dystrophy\Raw Data\Confocal images\171113_HKK5_IBD5_100x\w3"
"58","1","L:\02_Duchenne Muscular Dystrophy\Adina\AVG60 crawl burrow swim\AVG60\230227_AVG60\W45_m3"
"58","2","L:\02_Duchenne Muscular Dystrophy\Adina\AVG60 crawl burrow swim\Tissue dissociation\240126_AVG60_crawl_tissue dissociation\muscle 22\muscle 22 bottom"
"58","2","L:\02_Duchenne Muscular Dystrophy\Adina\AVG60 crawl burrow swim\Tissue dissociation\240126_AVG60_crawl_tissue dissociation\muscle 22\muscle 22 top"
"58","0","L:\02_Duchenne Muscular Dystrophy\Raw Data\Confocal images\PNAS draft\All the 100X\171113_HKK5_IBD5_100x\w3"
"58","0","L:\02_Duchenne Muscular Dystrophy\Raw Data\Confocal images\PNAS draft\All the 100X\180111_HKK5_IBD1_100x\w3"
"58","0","L:\05_Proprioception\Adina\PEZO-1 data for MANUSCRIPT\to upload\Figure 2\Muscles\GFP\240903"
"58","0","L:\02_Duchenne Muscular Dystrophy\Raw Data\Confocal images\180111_HKK5_IBD1_100x\w3"
"58","0","L:\02_Duchenne Muscular Dystrophy\Raw Data\Confocal images\older confocal not in paper\180316_HKK5_CB6%D3\100x\w1"
"58","0","L:\02_Duchenne Muscular Dystrophy\Raw Data\Confocal images\PNAS draft\All the 100X\171110_HKK5_ISD5_100x\w3"
"57","38","L:\02_Duchenne Muscular Dystrophy\Raw Data\Confocal images\2015_June\Andres 11-12-14 confocal\2 - worm6"
"57","0","L:\02_Duchenne Muscular Dystrophy\Raw Data\Confocal images\180111_HKK5_CSD3_100x\worm 1"
"57","0","L:\02_Duchenne Muscular Dystrophy\Danny\3_C. elegans\1_PMCA paper\Egg Retention\Data Set 1\BZ33 D2"
"57","38","L:\02_Duchenne Muscular Dystrophy\Raw Data\Confocal images\2015_June\Andres 11-12-14 confocal\3 - worm5"
"57","0","L:\02_Duchenne Muscular Dystrophy\Raw Data\Confocal images\PNAS draft\All the 100X\180111_HKK5_CSD3_100x\worm 1"
"57","0","L:\02_Duchenne Muscular Dystrophy\Raw Data\Confocal images\older confocal not in paper\180318_HKK5_CB6%D5\w1"
"57","0","L:\02_Duchenne Muscular Dystrophy\Raw Data\Confocal images\older confocal not in paper\081618_HKK22_antigfp\worm 1"
"56","26","L:\02_Duchenne Muscular Dystrophy\Kiley\Figures"
"56","0","L:\02_Duchenne Muscular Dystrophy\Danny\3_C. elegans\1_PMCA paper\dTBC worm paralysis\dataset no good\zw +dtbc bad"
"56","0","L:\02_Duchenne Muscular Dystrophy\Kiley\Papers\Excercise Paper\burrow and crawl muscle health\112718_BZ33_CD5_100x"
"56","0","L:\02_Duchenne Muscular Dystrophy\Kiley\Papers\Excercise Paper\burrow and crawl muscle health\112718_BZ33_CD5_100x\full worm"
"56","4","L:\02_Duchenne Muscular Dystrophy\Adina\AVG60 crawl burrow swim\Swim vs Crawl Neuron\230221_AVG60_swim"
"56","4","L:\02_Duchenne Muscular Dystrophy\Adina\AVG60 crawl burrow swim\Swim vs Crawl Neuron\230221_AVG60"
"56","3","L:\02_Duchenne Muscular Dystrophy\Danny\1_Skeletal muscle cells\PMCA\shRNA PMCA1\fails\R06 wt only no puro 24h image\PMCA1 no dye"
"56","2","L:\02_Duchenne Muscular Dystrophy\Adina\TF RNAi\dys-1 exprssn in midbody muscles Unc-62 RNAi\240212_L4440\W3"
"56","0","L:\02_Duchenne Muscular Dystrophy\Raw Data\Confocal images\PNAS draft\Full worms 100x\BZ33_CD5_full worm"
"56","0","L:\02_Duchenne Muscular Dystrophy\Raw Data\Confocal images\PNAS draft\Burrowing muscle size\confocal finished"
"56","0","L:\10_AGVG LAB\Confocal E drive backup\Danny\TTY 2"
"56","8","L:\05_Proprioception\Adina\PEZO-1 data for MANUSCRIPT\Figures for pezo-1 draft\Figure 3 and 4 tail muscle activation crawl and swim"
"56","0","L:\02_Duchenne Muscular Dystrophy\Raw Data\Confocal images\PNAS draft\112718_BZ33_CD5_100x\full worm"
"56","0","L:\02_Duchenne Muscular Dystrophy\Raw Data\Confocal images\180109_HKK5_CB1%D1_100x\w1"
"56","0","L:\02_Duchenne Muscular Dystrophy\Raw Data\Confocal images\PNAS draft\All the 100X\180109_HKK5_CB1%D1_100x\w1"
"56","0","L:\02_Duchenne Muscular Dystrophy\Raw Data\Confocal images\PNAS draft\112718_BZ33_CD5_100x"
"55","0","L:\02_Duchenne Muscular Dystrophy\Raw Data\Confocal images\older confocal not in paper\180316_HKK22_CB6%D3\100x\w1"
"55","0","L:\02_Duchenne Muscular Dystrophy\Raw Data\Confocal images\171103_HKK22_ISD3_100x\w3"
"55","0","L:\02_Duchenne Muscular Dystrophy\Raw Data\Confocal images\older confocal not in paper\180316_HKK5_CB6%D3\100x\w2"
"55","0","L:\02_Duchenne Muscular Dystrophy\Raw Data\Confocal images\PNAS draft\All the 100X\171103_HKK22_ISD3_100x\w3"
"55","0","L:\02_Duchenne Muscular Dystrophy\Raw Data\Confocal images\older confocal not in paper\180318_HKK5_CB6%D5\w2"
"54","1","L:\02_Duchenne Muscular Dystrophy\Danny\3_C. elegans\1_PMCA paper\Egg 3-Fold Brightness\Data Set 1"
"54","31","L:\02_Duchenne Muscular Dystrophy\Raw Data\Confocal images\171107_HKK5_ISD3_100x\w3"
"54","0","L:\02_Duchenne Muscular Dystrophy\Raw Data\Confocal images\180315_HKK5_CB6%D1_100x\w1"
"54","1","L:\02_Duchenne Muscular Dystrophy\Adina\AVG60 crawl burrow swim\AVG60\230227_AVG60\W7A1_m3"
"54","2","L:\02_Duchenne Muscular Dystrophy\Adina\AVG60 crawl burrow swim\Tissue dissociation\240126_AVG60_crawl_tissue dissociation\muscle 23"
"54","2","L:\02_Duchenne Muscular Dystrophy\Adina\TF RNAi\dys-1 exprssn in midbody muscles Unc-62 RNAi\240212_Unc-62\W3"
"54","36","L:\02_Duchenne Muscular Dystrophy\Raw Data\Confocal images\Andres 12-10-14 pics\Plates 8,9,10\Image 36 tail"
"54","31","L:\02_Duchenne Muscular Dystrophy\Raw Data\Confocal images\PNAS draft\All the 100X\171107_HKK5_ISD3_100x\w3"
"54","0","L:\02_Duchenne Muscular Dystrophy\Raw Data\Confocal images\PNAS draft\All the 100X\180315_HKK5_CB6%D1_100x\w1"
"54","36","L:\02_Duchenne Muscular Dystrophy\Raw Data\Confocal images\2015_June\Andres 11-12-14 confocal\1 - worm5"
"54","36","L:\02_Duchenne Muscular Dystrophy\Raw Data\Confocal images\2015_June\Andres 11-12-14 confocal\3 - worm2"
"54","36","L:\02_Duchenne Muscular Dystrophy\Raw Data\Confocal images\2015_June\Andres 11-12-14 confocal\3 - worm3"
"53","0","L:\02_Duchenne Muscular Dystrophy\Raw Data\Confocal images\earth\earth\w1"
"53","0","L:\02_Duchenne Muscular Dystrophy\Raw Data\Confocal images\171103_HKK22_ISD3_100x\w2"
"53","0","L:\02_Duchenne Muscular Dystrophy\Adina\Danny's flash drive"
"53","0","L:\02_Duchenne Muscular Dystrophy\Raw Data\Confocal images\earth\w1"
"53","13","L:\05_Proprioception\Muscle growth paper\Muscle images\240204_N2_crawl_phalloidin and WGA_Final.lif"
"53","1","L:\05_Proprioception\AMsh_Figures\Reorder figure updated"
"53","0","L:\02_Duchenne Muscular Dystrophy\Raw Data\Confocal images\PNAS draft\All the 100X\171103_HKK22_ISD3_100x\w2"
"52","0","L:\02_Duchenne Muscular Dystrophy\Adina\Inverted scope\221101 Pdys 1BFG"
"52","0","L:\02_Duchenne Muscular Dystrophy\Adina\IBU\230425\pics before"
"52","1","L:\02_Duchenne Muscular Dystrophy\Adina\AVG60 crawl burrow swim\AVG60\230227_AVG60\W2A1_m3"
"52","0","L:\02_Duchenne Muscular Dystrophy\Danny\3_C. elegans\1_PMCA paper\Brightness vs Movement\AVG6\Data Set 5"
"52","0","L:\05_Proprioception\Adina\PEZO-1 data for MANUSCRIPT\to upload_converted\Figure 2\Muscles\GFP\240903"
"52","0","L:\02_Duchenne Muscular Dystrophy\Raw Data\Confocal images\PNAS draft\All the 100X\171107_HKK5_ISD3_100x\w1"
"52","0","L:\02_Duchenne Muscular Dystrophy\Raw Data\Confocal images\171107_HKK5_ISD3_100x\w1"
"51","34","L:\02_Duchenne Muscular Dystrophy\Raw Data\Confocal images\2015_June\Andres 11-12-14 confocal\3 - worm4"
"51","34","L:\02_Duchenne Muscular Dystrophy\Raw Data\Confocal images\2015_June\Andres 11-12-14 confocal\2 - worm2"
"51","0","L:\02_Duchenne Muscular Dystrophy\Danny\3_C. elegans\1_PMCA paper\RNAi Ion Transport Genes\unc-38\ZW"
"51","49","L:\05_Proprioception\Adina\PEZO-1 data for MANUSCRIPT\to upload\Figure 2\Neurons\240905\GFP\W9"
"51","49","L:\05_Proprioception\Adina\PEZO-1 data for MANUSCRIPT\to upload\Figure 2\Neurons\240905\GFP\W10"
"51","34","L:\02_Duchenne Muscular Dystrophy\Raw Data\Confocal images\2015_June\Andres 11-12-14 confocal\3 - worm6"
"50","0","L:\02_Duchenne Muscular Dystrophy\Danny\3_C. elegans\1_PMCA paper\RNAi Ion Transport Genes\L4440\avg"
"50","25","L:\02_Duchenne Muscular Dystrophy\Kiley\Raw data\Confocal\PNAS paper_100x health\171205_HKK5_CB3%D5\worm 4_p3 and redo p1"
"50","25","L:\02_Duchenne Muscular Dystrophy\Manuscripts\JPS518 paper\data PNAS\100x health\171205_HKK5_CB3%D5\worm 4_p3 and redo p1"
"50","1","L:\02_Duchenne Muscular Dystrophy\Adina\AVG60 crawl burrow swim\AVG60\230227_AVG60\W1A1_m37"
"50","2","L:\02_Duchenne Muscular Dystrophy\Adina\TF RNAi\dys-1 exprssn in midbody muscles Unc-62 RNAi\240212_Unc-62\W11"
"50","2","L:\02_Duchenne Muscular Dystrophy\Adina\TF RNAi\dys-1 exprssn in midbody muscles Unc-62 RNAi\240213_L4440\W7"
"50","0","L:\02_Duchenne Muscular Dystrophy\Raw Data\Confocal images\180315_HKK22_CB6%D1_100x\worm 2"
"50","48","L:\05_Proprioception\Adina\PEZO-1 data for MANUSCRIPT\to upload\Figure 2\Neurons\240905\L4440\W6"
"50","0","L:\05_Proprioception\Ella"
"50","0","L:\10_AGVG LAB\09_Individual Folders\High School Students\Nick\SecondAttempt"
"50","0","L:\02_Duchenne Muscular Dystrophy\Raw Data\Confocal images\PNAS draft\All the 100X\180315_HKK22_CB6%D1_100x\worm 2"
"50","49","L:\05_Proprioception\Adina\PEZO-1 data for MANUSCRIPT\AVG60 RNAi pezo-1\240301_AVG60_L4440\W1 mid gfp"
"50","49","L:\05_Proprioception\Adina\PEZO-1 data for MANUSCRIPT\AVG60 RNAi pezo-1\240301_AVG60_L4440\W1 mid mch"
